node_id,area,coord,node_type_norm,current_alliance,owner_server,owner_server_source,server_side,pact_status,status_norm,frontline_group,enemy_flag,destroyed_flag,strategic_value,risk_score,risk_level,risk_note,confidence,memo
#476:d-12,#476,d-12,city,476B,476,ownership_current,enemy,attack_allowed,owned,frontline_core,TRUE,FALSE,30,100,critical,city +30; enemy_flag +40; frontline_core +30,medium,
#476:d-14,#476,d-14,city,476B,476,ownership_current,enemy,attack_allowed,owned,frontline_core,TRUE,FALSE,30,100,critical,city +30; enemy_flag +40; frontline_core +30,medium,
#476:d-10,#476,d-10,city,476B,476,ownership_current,enemy,attack_allowed,owned,frontline_adjacent,TRUE,FALSE,30,85,high,city +30; enemy_flag +40; frontline_adjacent +15,medium,
#476:d-2,#476,d-2,city,476K,476,ownership_current,enemy,attack_allowed,owned,frontline_adjacent,TRUE,FALSE,30,85,high,city +30; enemy_flag +40; frontline_adjacent +15,medium,
#476:d-6,#476,d-6,city,476M,476,ownership_current,enemy,attack_allowed,owned,frontline_adjacent,TRUE,FALSE,30,85,high,city +30; enemy_flag +40; frontline_adjacent +15,medium,
#476:e-14,#476,e-14,city,476d,476,ownership_current,enemy,attack_allowed,owned,frontline_adjacent,TRUE,FALSE,30,85,high,city +30; enemy_flag +40; frontline_adjacent +15,medium,
#476:e-18,#476,e-18,city,476Z,476,ownership_current,enemy,attack_allowed,owned,frontline_adjacent,TRUE,FALSE,30,85,high,city +30; enemy_flag +40; frontline_adjacent +15,medium,
#480:e-18,#480,e-18,city,AAOA,480,alliance_directory,enemy,attack_allowed,owned,frontline_adjacent,TRUE,FALSE,30,85,high,city +30; enemy_flag +40; frontline_adjacent +15,medium,
#503:d-10,#503,d-10,city,Lghs,503,alliance_directory,enemy,attack_allowed,owned,frontline_adjacent,TRUE,FALSE,30,85,high,city +30; enemy_flag +40; frontline_adjacent +15,medium,
#503:e-8,#503,e-8,city,Lghs,503,alliance_directory,enemy,attack_allowed,owned,frontline_adjacent,TRUE,FALSE,30,85,high,city +30; enemy_flag +40; frontline_adjacent +15,medium,
#509:D-11,#509,D-11,fishery,476A,476,ownership_current,enemy,attack_allowed,owned,frontline_core,TRUE,FALSE,10,80,high,fishery +10; enemy_flag +40; frontline_core +30,medium,
#509:D-13,#509,D-13,fishery,476A,476,ownership_current,enemy,attack_allowed,owned,frontline_core,TRUE,FALSE,10,80,high,fishery +10; enemy_flag +40; frontline_core +30,medium,
#534:D-11,#534,D-11,fishery,476C,476,ownership_current,enemy,attack_allowed,owned,frontline_core,TRUE,FALSE,10,80,high,fishery +10; enemy_flag +40; frontline_core +30,medium,
#534:D-13,#534,D-13,fishery,476B,476,ownership_current,enemy,attack_allowed,owned,frontline_core,TRUE,FALSE,10,80,high,fishery +10; enemy_flag +40; frontline_core +30,medium,
#534:E-13,#534,E-13,fishery,476C,476,ownership_current,enemy,attack_allowed,owned,frontline_core,TRUE,FALSE,10,80,high,fishery +10; enemy_flag +40; frontline_core +30,medium,
#503:d-2,#503,d-2,trade,GX99,503,alliance_directory,enemy,attack_allowed,owned,frontline_adjacent,TRUE,FALSE,20,75,high,trade +20; enemy_flag +40; frontline_adjacent +15,medium,
#509:d-20,#509,d-20,trade,476A,476,ownership_current,enemy,attack_allowed,owned,frontline_adjacent,TRUE,FALSE,20,75,high,trade +20; enemy_flag +40; frontline_adjacent +15,medium,
#509:e-20,#509,e-20,trade,476B,476,ownership_current,enemy,attack_allowed,owned,frontline_adjacent,TRUE,FALSE,20,75,high,trade +20; enemy_flag +40; frontline_adjacent +15,medium,
#511:e-2,#511,e-2,trade,AAOA,480,alliance_directory,enemy,attack_allowed,owned,frontline_adjacent,TRUE,FALSE,20,75,high,trade +20; enemy_flag +40; frontline_adjacent +15,medium,
#523:d-20,#523,d-20,trade,476X,476,ownership_current,enemy,attack_allowed,owned,frontline_adjacent,TRUE,FALSE,20,75,high,trade +20; enemy_flag +40; frontline_adjacent +15,medium,
#476:a-10,#476,a-10,city,476M,476,ownership_current,enemy,attack_allowed,owned,other,TRUE,FALSE,30,70,high,city +30; enemy_flag +40,medium,
#476:a-12,#476,a-12,city,476M,476,ownership_current,enemy,attack_allowed,owned,other,TRUE,FALSE,30,70,high,city +30; enemy_flag +40,medium,
#476:a-18,#476,a-18,city,476X,476,ownership_current,enemy,attack_allowed,owned,other,TRUE,FALSE,30,70,high,city +30; enemy_flag +40,medium,
#476:b-20,#476,b-20,city,476Z,476,ownership_current,enemy,attack_allowed,owned,other,TRUE,FALSE,30,70,high,city +30; enemy_flag +40,medium,
#476:b-6,#476,b-6,city,476T,476,ownership_current,enemy,attack_allowed,owned,other,TRUE,FALSE,30,70,high,city +30; enemy_flag +40,medium,
#476:b-8,#476,b-8,city,476T,476,ownership_current,enemy,attack_allowed,owned,other,TRUE,FALSE,30,70,high,city +30; enemy_flag +40,medium,
#476:c-2,#476,c-2,city,476K,476,ownership_current,enemy,attack_allowed,owned,other,TRUE,FALSE,30,70,high,city +30; enemy_flag +40,medium,
#476:c-6,#476,c-6,city,476M,476,ownership_current,enemy,attack_allowed,owned,other,TRUE,FALSE,30,70,high,city +30; enemy_flag +40,medium,
#476:f-14,#476,f-14,city,476d,476,ownership_current,enemy,attack_allowed,owned,other,TRUE,FALSE,30,70,high,city +30; enemy_flag +40,medium,
#476:f-16,#476,f-16,city,476d,476,ownership_current,enemy,attack_allowed,owned,other,TRUE,FALSE,30,70,high,city +30; enemy_flag +40,medium,
#476:f-4,#476,f-4,city,476H,476,ownership_current,enemy,attack_allowed,owned,other,TRUE,FALSE,30,70,high,city +30; enemy_flag +40,medium,
#476:f-6,#476,f-6,city,476X,476,ownership_current,enemy,attack_allowed,owned,other,TRUE,FALSE,30,70,high,city +30; enemy_flag +40,medium,
#476:g-10,#476,g-10,city,476A,476,ownership_current,enemy,attack_allowed,owned,other,TRUE,FALSE,30,70,high,city +30; enemy_flag +40,medium,
#476:g-12,#476,g-12,city,476A,476,ownership_current,enemy,attack_allowed,owned,other,TRUE,FALSE,30,70,high,city +30; enemy_flag +40,medium,
#476:g-14,#476,g-14,city,476A,476,ownership_current,enemy,attack_allowed,owned,other,TRUE,FALSE,30,70,high,city +30; enemy_flag +40,medium,
#476:g-16,#476,g-16,city,476d,476,ownership_current,enemy,attack_allowed,owned,other,TRUE,FALSE,30,70,high,city +30; enemy_flag +40,medium,
#476:g-18,#476,g-18,city,476d,476,ownership_current,enemy,attack_allowed,owned,other,TRUE,FALSE,30,70,high,city +30; enemy_flag +40,medium,
#476:g-4,#476,g-4,city,476H,476,ownership_current,enemy,attack_allowed,owned,other,TRUE,FALSE,30,70,high,city +30; enemy_flag +40,medium,
#476:g-6,#476,g-6,city,476C,476,ownership_current,enemy,attack_allowed,owned,other,TRUE,FALSE,30,70,high,city +30; enemy_flag +40,medium,
#476:g-8,#476,g-8,city,476A,476,ownership_current,enemy,attack_allowed,owned,other,TRUE,FALSE,30,70,high,city +30; enemy_flag +40,medium,
#476:h-10,#476,h-10,city,476A,476,ownership_current,enemy,attack_allowed,owned,other,TRUE,FALSE,30,70,high,city +30; enemy_flag +40,medium,
#476:h-12,#476,h-12,city,476H,476,ownership_current,enemy,attack_allowed,owned,other,TRUE,FALSE,30,70,high,city +30; enemy_flag +40,medium,
#476:h-14,#476,h-14,city,476d,476,ownership_current,enemy,attack_allowed,owned,other,TRUE,FALSE,30,70,high,city +30; enemy_flag +40,medium,
#476:h-16,#476,h-16,city,476A,476,ownership_current,enemy,attack_allowed,owned,other,TRUE,FALSE,30,70,high,city +30; enemy_flag +40,medium,
#476:h-2,#476,h-2,city,476K,476,ownership_current,enemy,attack_allowed,owned,other,TRUE,FALSE,30,70,high,city +30; enemy_flag +40,medium,
#476:h-4,#476,h-4,city,476C,476,ownership_current,enemy,attack_allowed,owned,other,TRUE,FALSE,30,70,high,city +30; enemy_flag +40,medium,
#476:h-6,#476,h-6,city,476C,476,ownership_current,enemy,attack_allowed,owned,other,TRUE,FALSE,30,70,high,city +30; enemy_flag +40,medium,
#476:h-8,#476,h-8,city,476C,476,ownership_current,enemy,attack_allowed,owned,other,TRUE,FALSE,30,70,high,city +30; enemy_flag +40,medium,
#476:i-10,#476,i-10,city,476H,476,ownership_current,enemy,attack_allowed,owned,other,TRUE,FALSE,30,70,high,city +30; enemy_flag +40,medium,
#476:i-12,#476,i-12,city,476A,476,ownership_current,enemy,attack_allowed,owned,other,TRUE,FALSE,30,70,high,city +30; enemy_flag +40,medium,
#476:i-14,#476,i-14,city,476H,476,ownership_current,enemy,attack_allowed,owned,other,TRUE,FALSE,30,70,high,city +30; enemy_flag +40,medium,
#476:i-16,#476,i-16,city,476d,476,ownership_current,enemy,attack_allowed,owned,other,TRUE,FALSE,30,70,high,city +30; enemy_flag +40,medium,
#476:i-18,#476,i-18,city,476A,476,ownership_current,enemy,attack_allowed,owned,other,TRUE,FALSE,30,70,high,city +30; enemy_flag +40,medium,
#476:i-20,#476,i-20,city,476d,476,ownership_current,enemy,attack_allowed,owned,other,TRUE,FALSE,30,70,high,city +30; enemy_flag +40,medium,
#476:i-4,#476,i-4,city,476C,476,ownership_current,enemy,attack_allowed,owned,other,TRUE,FALSE,30,70,high,city +30; enemy_flag +40,medium,
#476:i-6,#476,i-6,city,476H,476,ownership_current,enemy,attack_allowed,owned,other,TRUE,FALSE,30,70,high,city +30; enemy_flag +40,medium,
#476:i-8,#476,i-8,city,476H,476,ownership_current,enemy,attack_allowed,owned,other,TRUE,FALSE,30,70,high,city +30; enemy_flag +40,medium,
#480:b-20,#480,b-20,city,AAOA,480,alliance_directory,enemy,attack_allowed,owned,other,TRUE,FALSE,30,70,high,city +30; enemy_flag +40,medium,
#480:c-18,#480,c-18,city,AAOA,480,alliance_directory,enemy,attack_allowed,owned,other,TRUE,FALSE,30,70,high,city +30; enemy_flag +40,medium,
#480:f-18,#480,f-18,city,AAOA,480,alliance_directory,enemy,attack_allowed,owned,other,TRUE,FALSE,30,70,high,city +30; enemy_flag +40,medium,
#480:f-2,#480,f-2,city,Digg,480,alliance_directory,enemy,attack_allowed,owned,other,TRUE,FALSE,30,70,high,city +30; enemy_flag +40,medium,
#480:f-4,#480,f-4,city,Digg,480,alliance_directory,enemy,attack_allowed,owned,other,TRUE,FALSE,30,70,high,city +30; enemy_flag +40,medium,
#480:f-6,#480,f-6,city,TkTk,480,alliance_directory,enemy,attack_allowed,owned,other,TRUE,FALSE,30,70,high,city +30; enemy_flag +40,medium,
#480:g-10,#480,g-10,city,RCON,480,alliance_directory,enemy,attack_allowed,owned,other,TRUE,FALSE,30,70,high,city +30; enemy_flag +40,medium,
#480:g-12,#480,g-12,city,RCON,480,alliance_directory,enemy,attack_allowed,owned,other,TRUE,FALSE,30,70,high,city +30; enemy_flag +40,medium,
#480:g-14,#480,g-14,city,TkTk,480,alliance_directory,enemy,attack_allowed,owned,other,TRUE,FALSE,30,70,high,city +30; enemy_flag +40,medium,
#480:g-18,#480,g-18,city,BgNa,480,alliance_directory,enemy,attack_allowed,owned,other,TRUE,FALSE,30,70,high,city +30; enemy_flag +40,medium,
#480:g-20,#480,g-20,city,Digg,480,alliance_directory,enemy,attack_allowed,owned,other,TRUE,FALSE,30,70,high,city +30; enemy_flag +40,medium,
#480:g-6,#480,g-6,city,TkTk,480,alliance_directory,enemy,attack_allowed,owned,other,TRUE,FALSE,30,70,high,city +30; enemy_flag +40,medium,
#480:g-8,#480,g-8,city,RCON,480,alliance_directory,enemy,attack_allowed,owned,other,TRUE,FALSE,30,70,high,city +30; enemy_flag +40,medium,
#480:h-20,#480,h-20,city,Digg,480,alliance_directory,enemy,attack_allowed,owned,other,TRUE,FALSE,30,70,high,city +30; enemy_flag +40,medium,
#480:j-8,#480,j-8,city,TkTk,480,alliance_directory,enemy,attack_allowed,owned,other,TRUE,FALSE,30,70,high,city +30; enemy_flag +40,medium,
#503:a-4,#503,a-4,city,Lghs,503,alliance_directory,enemy,attack_allowed,owned,other,TRUE,FALSE,30,70,high,city +30; enemy_flag +40,medium,
#503:f-8,#503,f-8,city,GX99,503,alliance_directory,enemy,attack_allowed,owned,other,TRUE,FALSE,30,70,high,city +30; enemy_flag +40,medium,
#503:g-10,#503,g-10,city,GX99,503,alliance_directory,enemy,attack_allowed,owned,other,TRUE,FALSE,30,70,high,city +30; enemy_flag +40,medium,
#503:g-14,#503,g-14,city,fzn,503,alliance_directory,enemy,attack_allowed,owned,other,TRUE,FALSE,30,70,high,city +30; enemy_flag +40,medium,
#503:g-6,#503,g-6,city,GX99,503,alliance_directory,enemy,attack_allowed,owned,other,TRUE,FALSE,30,70,high,city +30; enemy_flag +40,medium,
#503:g-8,#503,g-8,city,GX99,503,alliance_directory,enemy,attack_allowed,owned,other,TRUE,FALSE,30,70,high,city +30; enemy_flag +40,medium,
#503:j-10,#503,j-10,city,fzn,503,alliance_directory,enemy,attack_allowed,owned,other,TRUE,FALSE,30,70,high,city +30; enemy_flag +40,medium,
#503:j-12,#503,j-12,city,fzn,503,alliance_directory,enemy,attack_allowed,owned,other,TRUE,FALSE,30,70,high,city +30; enemy_flag +40,medium,
#503:j-14,#503,j-14,city,fzn,503,alliance_directory,enemy,attack_allowed,owned,other,TRUE,FALSE,30,70,high,city +30; enemy_flag +40,medium,
#503:j-8,#503,j-8,city,fzn,503,alliance_directory,enemy,attack_allowed,owned,other,TRUE,FALSE,30,70,high,city +30; enemy_flag +40,medium,
#523:j-16,#523,j-16,city,476Z,476,ownership_current,enemy,attack_allowed,owned,other,TRUE,FALSE,30,70,high,city +30; enemy_flag +40,medium,
#476:D-3,#476,D-3,fishery,476K,476,ownership_current,enemy,attack_allowed,owned,frontline_adjacent,TRUE,FALSE,10,65,high,fishery +10; enemy_flag +40; frontline_adjacent +15,medium,
#480:D-17,#480,D-17,fishery,AAOA,480,alliance_directory,enemy,attack_allowed,owned,frontline_adjacent,TRUE,FALSE,10,65,high,fishery +10; enemy_flag +40; frontline_adjacent +15,medium,
#480:D-19,#480,D-19,fishery,TkTk,480,alliance_directory,enemy,attack_allowed,owned,frontline_adjacent,TRUE,FALSE,10,65,high,fishery +10; enemy_flag +40; frontline_adjacent +15,medium,
#480:E-19,#480,E-19,fishery,TkTk,480,alliance_directory,enemy,attack_allowed,owned,frontline_adjacent,TRUE,FALSE,10,65,high,fishery +10; enemy_flag +40; frontline_adjacent +15,medium,
#480:E-5,#480,E-5,fishery,RCON,480,alliance_directory,enemy,attack_allowed,owned,frontline_adjacent,TRUE,FALSE,10,65,high,fishery +10; enemy_flag +40; frontline_adjacent +15,medium,
#503:D-15,#503,D-15,fishery,299,299,ownership_current,enemy,unknown,owned,frontline_adjacent,TRUE,FALSE,10,65,high,fishery +10; enemy_flag +40; frontline_adjacent +15,medium,
#503:D-3,#503,D-3,fishery,GX99,503,alliance_directory,enemy,attack_allowed,owned,frontline_adjacent,TRUE,FALSE,10,65,high,fishery +10; enemy_flag +40; frontline_adjacent +15,medium,
#503:D-7,#503,D-7,fishery,TkTk,480,alliance_directory,enemy,attack_allowed,owned,frontline_adjacent,TRUE,FALSE,10,65,high,fishery +10; enemy_flag +40; frontline_adjacent +15,medium,
#503:E-3,#503,E-3,fishery,RCON,480,alliance_directory,enemy,attack_allowed,owned,frontline_adjacent,TRUE,FALSE,10,65,high,fishery +10; enemy_flag +40; frontline_adjacent +15,medium,
#503:E-7,#503,E-7,fishery,Lghs,503,alliance_directory,enemy,attack_allowed,owned,frontline_adjacent,TRUE,FALSE,10,65,high,fishery +10; enemy_flag +40; frontline_adjacent +15,medium,
#509:D-15,#509,D-15,fishery,Lghs,503,alliance_directory,enemy,attack_allowed,owned,frontline_adjacent,TRUE,FALSE,10,65,high,fishery +10; enemy_flag +40; frontline_adjacent +15,medium,
#509:D-17,#509,D-17,fishery,RCON,480,alliance_directory,enemy,attack_allowed,owned,frontline_adjacent,TRUE,FALSE,10,65,high,fishery +10; enemy_flag +40; frontline_adjacent +15,medium,
#509:D-9,#509,D-9,fishery,476A,476,ownership_current,enemy,attack_allowed,owned,frontline_adjacent,TRUE,FALSE,10,65,high,fishery +10; enemy_flag +40; frontline_adjacent +15,medium,
#509:E-15,#509,E-15,fishery,GX99,503,alliance_directory,enemy,attack_allowed,owned,frontline_adjacent,TRUE,FALSE,10,65,high,fishery +10; enemy_flag +40; frontline_adjacent +15,medium,
#509:E-17,#509,E-17,fishery,RCON,480,alliance_directory,enemy,attack_allowed,owned,frontline_adjacent,TRUE,FALSE,10,65,high,fishery +10; enemy_flag +40; frontline_adjacent +15,medium,
#509:E-19,#509,E-19,fishery,Lghs,503,alliance_directory,enemy,attack_allowed,owned,frontline_adjacent,TRUE,FALSE,10,65,high,fishery +10; enemy_flag +40; frontline_adjacent +15,medium,
#509:E-7,#509,E-7,fishery,Lghs,503,alliance_directory,enemy,attack_allowed,owned,frontline_adjacent,TRUE,FALSE,10,65,high,fishery +10; enemy_flag +40; frontline_adjacent +15,medium,
#509:E-9,#509,E-9,fishery,Lghs,503,alliance_directory,enemy,attack_allowed,owned,frontline_adjacent,TRUE,FALSE,10,65,high,fishery +10; enemy_flag +40; frontline_adjacent +15,medium,
#511:D-15,#511,D-15,fishery,AAOA,480,alliance_directory,enemy,attack_allowed,owned,frontline_adjacent,TRUE,FALSE,10,65,high,fishery +10; enemy_flag +40; frontline_adjacent +15,medium,
#534:D-7,#534,D-7,fishery,476B,476,ownership_current,enemy,attack_allowed,owned,frontline_adjacent,TRUE,FALSE,10,65,high,fishery +10; enemy_flag +40; frontline_adjacent +15,medium,
#534:E-7,#534,E-7,fishery,476C,476,ownership_current,enemy,attack_allowed,owned,frontline_adjacent,TRUE,FALSE,10,65,high,fishery +10; enemy_flag +40; frontline_adjacent +15,medium,
#440:j-12,#440,j-12,trade,476A,476,ownership_current,enemy,attack_allowed,owned,other,TRUE,FALSE,20,60,high,trade +20; enemy_flag +40,medium,
#440:j-14,#440,j-14,trade,476A,476,ownership_current,enemy,attack_allowed,owned,other,TRUE,FALSE,20,60,high,trade +20; enemy_flag +40,medium,
#440:j-2,#440,j-2,trade,476A,476,ownership_current,enemy,attack_allowed,owned,other,TRUE,FALSE,20,60,high,trade +20; enemy_flag +40,medium,
#440:j-4,#440,j-4,trade,476B,476,ownership_current,enemy,attack_allowed,owned,other,TRUE,FALSE,20,60,high,trade +20; enemy_flag +40,medium,
#440:j-6,#440,j-6,trade,476A,476,ownership_current,enemy,attack_allowed,owned,other,TRUE,FALSE,20,60,high,trade +20; enemy_flag +40,medium,
#440:j-8,#440,j-8,trade,476B,476,ownership_current,enemy,attack_allowed,owned,other,TRUE,FALSE,20,60,high,trade +20; enemy_flag +40,medium,
#476:j-10,#476,j-10,trade,476A,476,ownership_current,enemy,attack_allowed,owned,other,TRUE,FALSE,20,60,high,trade +20; enemy_flag +40,medium,
#476:j-12,#476,j-12,trade,476A,476,ownership_current,enemy,attack_allowed,owned,other,TRUE,FALSE,20,60,high,trade +20; enemy_flag +40,medium,
#476:j-16,#476,j-16,trade,476d,476,ownership_current,enemy,attack_allowed,owned,other,TRUE,FALSE,20,60,high,trade +20; enemy_flag +40,medium,
#476:j-18,#476,j-18,trade,476Z,476,ownership_current,enemy,attack_allowed,owned,other,TRUE,FALSE,20,60,high,trade +20; enemy_flag +40,medium,
#476:j-2,#476,j-2,trade,476B,476,ownership_current,enemy,attack_allowed,owned,other,TRUE,FALSE,20,60,high,trade +20; enemy_flag +40,medium,
#476:j-20,#476,j-20,trade,476X,476,ownership_current,enemy,attack_allowed,owned,other,TRUE,FALSE,20,60,high,trade +20; enemy_flag +40,medium,
#476:j-4,#476,j-4,trade,476C,476,ownership_current,enemy,attack_allowed,owned,other,TRUE,FALSE,20,60,high,trade +20; enemy_flag +40,medium,
#476:j-6,#476,j-6,trade,476C,476,ownership_current,enemy,attack_allowed,owned,other,TRUE,FALSE,20,60,high,trade +20; enemy_flag +40,medium,
#476:j-8,#476,j-8,trade,476C,476,ownership_current,enemy,attack_allowed,owned,other,TRUE,FALSE,20,60,high,trade +20; enemy_flag +40,medium,
#480:a-16,#480,a-16,trade,476d,476,ownership_current,enemy,attack_allowed,owned,other,TRUE,FALSE,20,60,high,trade +20; enemy_flag +40,medium,
#480:a-18,#480,a-18,trade,BgNa,480,alliance_directory,enemy,attack_allowed,owned,other,TRUE,FALSE,20,60,high,trade +20; enemy_flag +40,medium,
#480:a-2,#480,a-2,trade,RCON,480,alliance_directory,enemy,attack_allowed,owned,other,TRUE,FALSE,20,60,high,trade +20; enemy_flag +40,medium,
#480:a-4,#480,a-4,trade,RCON,480,alliance_directory,enemy,attack_allowed,owned,other,TRUE,FALSE,20,60,high,trade +20; enemy_flag +40,medium,
#480:a-8,#480,a-8,trade,RCON,480,alliance_directory,enemy,attack_allowed,owned,other,TRUE,FALSE,20,60,high,trade +20; enemy_flag +40,medium,
#503:a-2,#503,a-2,trade,Lghs,503,alliance_directory,enemy,attack_allowed,owned,other,TRUE,FALSE,20,60,high,trade +20; enemy_flag +40,medium,
#503:b-2,#503,b-2,trade,GX99,503,alliance_directory,enemy,attack_allowed,owned,other,TRUE,FALSE,20,60,high,trade +20; enemy_flag +40,medium,
#503:c-2,#503,c-2,trade,Lghs,503,alliance_directory,enemy,attack_allowed,owned,other,TRUE,FALSE,20,60,high,trade +20; enemy_flag +40,medium,
#503:g-2,#503,g-2,trade,Lghs,503,alliance_directory,enemy,attack_allowed,owned,other,TRUE,FALSE,20,60,high,trade +20; enemy_flag +40,medium,
#503:h-2,#503,h-2,trade,GX99,503,alliance_directory,enemy,attack_allowed,owned,other,TRUE,FALSE,20,60,high,trade +20; enemy_flag +40,medium,
#509:a-20,#509,a-20,trade,476B,476,ownership_current,enemy,attack_allowed,owned,other,TRUE,FALSE,20,60,high,trade +20; enemy_flag +40,medium,
#509:b-20,#509,b-20,trade,476B,476,ownership_current,enemy,attack_allowed,owned,other,TRUE,FALSE,20,60,high,trade +20; enemy_flag +40,medium,
#509:c-20,#509,c-20,trade,476A,476,ownership_current,enemy,attack_allowed,owned,other,TRUE,FALSE,20,60,high,trade +20; enemy_flag +40,medium,
#509:f-20,#509,f-20,trade,476B,476,ownership_current,enemy,attack_allowed,owned,other,TRUE,FALSE,20,60,high,trade +20; enemy_flag +40,medium,
#509:g-20,#509,g-20,trade,RCON,480,alliance_directory,enemy,attack_allowed,owned,other,TRUE,FALSE,20,60,high,trade +20; enemy_flag +40,medium,
#509:h-20,#509,h-20,trade,476B,476,ownership_current,enemy,attack_allowed,owned,other,TRUE,FALSE,20,60,high,trade +20; enemy_flag +40,medium,
#509:i-20,#509,i-20,trade,476A,476,ownership_current,enemy,attack_allowed,owned,other,TRUE,FALSE,20,60,high,trade +20; enemy_flag +40,medium,
#509:j-20,#509,j-20,trade,476B,476,ownership_current,enemy,attack_allowed,owned,other,TRUE,FALSE,20,60,high,trade +20; enemy_flag +40,medium,
#511:a-2,#511,a-2,trade,476X,476,ownership_current,enemy,attack_allowed,owned,other,TRUE,FALSE,20,60,high,trade +20; enemy_flag +40,medium,
#511:b-2,#511,b-2,trade,476d,476,ownership_current,enemy,attack_allowed,owned,other,TRUE,FALSE,20,60,high,trade +20; enemy_flag +40,medium,
#511:f-2,#511,f-2,trade,BgNa,480,alliance_directory,enemy,attack_allowed,owned,other,TRUE,FALSE,20,60,high,trade +20; enemy_flag +40,medium,
#511:h-2,#511,h-2,trade,476B,476,ownership_current,enemy,attack_allowed,owned,other,TRUE,FALSE,20,60,high,trade +20; enemy_flag +40,medium,
#511:i-2,#511,i-2,trade,476Z,476,ownership_current,enemy,attack_allowed,owned,other,TRUE,FALSE,20,60,high,trade +20; enemy_flag +40,medium,
#511:j-2,#511,j-2,trade,BgNa,480,alliance_directory,enemy,attack_allowed,owned,other,TRUE,FALSE,20,60,high,trade +20; enemy_flag +40,medium,
#523:b-20,#523,b-20,trade,Lghs,503,alliance_directory,enemy,attack_allowed,owned,other,TRUE,FALSE,20,60,high,trade +20; enemy_flag +40,medium,
#523:f-20,#523,f-20,trade,476A,476,ownership_current,enemy,attack_allowed,owned,other,TRUE,FALSE,20,60,high,trade +20; enemy_flag +40,medium,
#534:a-12,#534,a-12,trade,476X,476,ownership_current,enemy,attack_allowed,owned,other,TRUE,FALSE,20,60,high,trade +20; enemy_flag +40,medium,
#534:a-16,#534,a-16,trade,fzn,503,alliance_directory,enemy,attack_allowed,owned,other,TRUE,FALSE,20,60,high,trade +20; enemy_flag +40,medium,
#534:a-18,#534,a-18,trade,476A,476,ownership_current,enemy,attack_allowed,owned,other,TRUE,FALSE,20,60,high,trade +20; enemy_flag +40,medium,
#534:a-2,#534,a-2,trade,Lghs,503,alliance_directory,enemy,attack_allowed,owned,other,TRUE,FALSE,20,60,high,trade +20; enemy_flag +40,medium,
#534:a-20,#534,a-20,trade,476X,476,ownership_current,enemy,attack_allowed,owned,other,TRUE,FALSE,20,60,high,trade +20; enemy_flag +40,medium,
#534:a-8,#534,a-8,trade,RCON,480,alliance_directory,enemy,attack_allowed,owned,other,TRUE,FALSE,20,60,high,trade +20; enemy_flag +40,medium,
#440:F-1,#440,F-1,fishery,476X,476,ownership_current,enemy,attack_allowed,owned,other,TRUE,FALSE,10,50,mid,fishery +10; enemy_flag +40,medium,
#440:F-3,#440,F-3,fishery,476X,476,ownership_current,enemy,attack_allowed,owned,other,TRUE,FALSE,10,50,mid,fishery +10; enemy_flag +40,medium,
#440:J-17,#440,J-17,fishery,AAOA,480,alliance_directory,enemy,attack_allowed,owned,other,TRUE,FALSE,10,50,mid,fishery +10; enemy_flag +40,medium,
#476:A-17,#476,A-17,fishery,476X,476,ownership_current,enemy,attack_allowed,owned,other,TRUE,FALSE,10,50,mid,fishery +10; enemy_flag +40,medium,
#476:A-21,#476,A-21,fishery,476B,476,ownership_current,enemy,attack_allowed,owned,other,TRUE,FALSE,10,50,mid,fishery +10; enemy_flag +40,medium,
#476:A-3,#476,A-3,fishery,476T,476,ownership_current,enemy,attack_allowed,owned,other,TRUE,FALSE,10,50,mid,fishery +10; enemy_flag +40,medium,
#476:C-11,#476,C-11,fishery,476M,476,ownership_current,enemy,attack_allowed,owned,other,TRUE,FALSE,10,50,mid,fishery +10; enemy_flag +40,medium,
#476:F-1,#476,F-1,fishery,476H,476,ownership_current,enemy,attack_allowed,owned,other,TRUE,FALSE,10,50,mid,fishery +10; enemy_flag +40,medium,
#476:F-15,#476,F-15,fishery,476d,476,ownership_current,enemy,attack_allowed,owned,other,TRUE,FALSE,10,50,mid,fishery +10; enemy_flag +40,medium,
#476:F-19,#476,F-19,fishery,476Z,476,ownership_current,enemy,attack_allowed,owned,other,TRUE,FALSE,10,50,mid,fishery +10; enemy_flag +40,medium,
#476:F-3,#476,F-3,fishery,476H,476,ownership_current,enemy,attack_allowed,owned,other,TRUE,FALSE,10,50,mid,fishery +10; enemy_flag +40,medium,
#476:G-1,#476,G-1,fishery,476K,476,ownership_current,enemy,attack_allowed,owned,other,TRUE,FALSE,10,50,mid,fishery +10; enemy_flag +40,medium,
#476:G-11,#476,G-11,fishery,476A,476,ownership_current,enemy,attack_allowed,owned,other,TRUE,FALSE,10,50,mid,fishery +10; enemy_flag +40,medium,
#476:G-19,#476,G-19,fishery,476Z,476,ownership_current,enemy,attack_allowed,owned,other,TRUE,FALSE,10,50,mid,fishery +10; enemy_flag +40,medium,
#476:G-3,#476,G-3,fishery,476K,476,ownership_current,enemy,attack_allowed,owned,other,TRUE,FALSE,10,50,mid,fishery +10; enemy_flag +40,medium,
#476:G-5,#476,G-5,fishery,476H,476,ownership_current,enemy,attack_allowed,owned,other,TRUE,FALSE,10,50,mid,fishery +10; enemy_flag +40,medium,
#476:G-9,#476,G-9,fishery,Lghs,503,alliance_directory,enemy,attack_allowed,owned,other,TRUE,FALSE,10,50,mid,fishery +10; enemy_flag +40,medium,
#476:H-1,#476,H-1,fishery,476d,476,ownership_current,enemy,attack_allowed,owned,other,TRUE,FALSE,10,50,mid,fishery +10; enemy_flag +40,medium,
#476:H-15,#476,H-15,fishery,476d,476,ownership_current,enemy,attack_allowed,owned,other,TRUE,FALSE,10,50,mid,fishery +10; enemy_flag +40,medium,
#476:H-17,#476,H-17,fishery,476H,476,ownership_current,enemy,attack_allowed,owned,other,TRUE,FALSE,10,50,mid,fishery +10; enemy_flag +40,medium,
#476:H-19,#476,H-19,fishery,476Z,476,ownership_current,enemy,attack_allowed,owned,other,TRUE,FALSE,10,50,mid,fishery +10; enemy_flag +40,medium,
#476:H-3,#476,H-3,fishery,476C,476,ownership_current,enemy,attack_allowed,owned,other,TRUE,FALSE,10,50,mid,fishery +10; enemy_flag +40,medium,
#476:H-5,#476,H-5,fishery,476C,476,ownership_current,enemy,attack_allowed,owned,other,TRUE,FALSE,10,50,mid,fishery +10; enemy_flag +40,medium,
#476:H-9,#476,H-9,fishery,476H,476,ownership_current,enemy,attack_allowed,owned,other,TRUE,FALSE,10,50,mid,fishery +10; enemy_flag +40,medium,
#476:I-1,#476,I-1,fishery,476K,476,ownership_current,enemy,attack_allowed,owned,other,TRUE,FALSE,10,50,mid,fishery +10; enemy_flag +40,medium,
#476:I-11,#476,I-11,fishery,476H,476,ownership_current,enemy,attack_allowed,owned,other,TRUE,FALSE,10,50,mid,fishery +10; enemy_flag +40,medium,
#476:I-13,#476,I-13,fishery,476K,476,ownership_current,enemy,attack_allowed,owned,other,TRUE,FALSE,10,50,mid,fishery +10; enemy_flag +40,medium,
#476:I-15,#476,I-15,fishery,476H,476,ownership_current,enemy,attack_allowed,owned,other,TRUE,FALSE,10,50,mid,fishery +10; enemy_flag +40,medium,
#476:I-17,#476,I-17,fishery,476H,476,ownership_current,enemy,attack_allowed,owned,other,TRUE,FALSE,10,50,mid,fishery +10; enemy_flag +40,medium,
#476:I-3,#476,I-3,fishery,476K,476,ownership_current,enemy,attack_allowed,owned,other,TRUE,FALSE,10,50,mid,fishery +10; enemy_flag +40,medium,
#476:I-5,#476,I-5,fishery,476H,476,ownership_current,enemy,attack_allowed,owned,other,TRUE,FALSE,10,50,mid,fishery +10; enemy_flag +40,medium,
#476:I-7,#476,I-7,fishery,476B,476,ownership_current,enemy,attack_allowed,owned,other,TRUE,FALSE,10,50,mid,fishery +10; enemy_flag +40,medium,
#476:I-9,#476,I-9,fishery,476H,476,ownership_current,enemy,attack_allowed,owned,other,TRUE,FALSE,10,50,mid,fishery +10; enemy_flag +40,medium,
#476:J-1,#476,J-1,fishery,476K,476,ownership_current,enemy,attack_allowed,owned,other,TRUE,FALSE,10,50,mid,fishery +10; enemy_flag +40,medium,
#476:J-11,#476,J-11,fishery,476H,476,ownership_current,enemy,attack_allowed,owned,other,TRUE,FALSE,10,50,mid,fishery +10; enemy_flag +40,medium,
#476:J-13,#476,J-13,fishery,476H,476,ownership_current,enemy,attack_allowed,owned,other,TRUE,FALSE,10,50,mid,fishery +10; enemy_flag +40,medium,
#476:J-19,#476,J-19,fishery,476H,476,ownership_current,enemy,attack_allowed,owned,other,TRUE,FALSE,10,50,mid,fishery +10; enemy_flag +40,medium,
#476:J-21,#476,J-21,fishery,476H,476,ownership_current,enemy,attack_allowed,owned,other,TRUE,FALSE,10,50,mid,fishery +10; enemy_flag +40,medium,
#476:J-3,#476,J-3,fishery,476K,476,ownership_current,enemy,attack_allowed,owned,other,TRUE,FALSE,10,50,mid,fishery +10; enemy_flag +40,medium,
#476:J-5,#476,J-5,fishery,476H,476,ownership_current,enemy,attack_allowed,owned,other,TRUE,FALSE,10,50,mid,fishery +10; enemy_flag +40,medium,
#476:J-9,#476,J-9,fishery,476H,476,ownership_current,enemy,attack_allowed,owned,other,TRUE,FALSE,10,50,mid,fishery +10; enemy_flag +40,medium,
#476:K-1,#476,K-1,fishery,476Z,476,ownership_current,enemy,attack_allowed,owned,other,TRUE,FALSE,10,50,mid,fishery +10; enemy_flag +40,medium,
#476:K-11,#476,K-11,fishery,476A,476,ownership_current,enemy,attack_allowed,owned,other,TRUE,FALSE,10,50,mid,fishery +10; enemy_flag +40,medium,
#476:K-15,#476,K-15,fishery,476H,476,ownership_current,enemy,attack_allowed,owned,other,TRUE,FALSE,10,50,mid,fishery +10; enemy_flag +40,medium,
#476:K-17,#476,K-17,fishery,476d,476,ownership_current,enemy,attack_allowed,owned,other,TRUE,FALSE,10,50,mid,fishery +10; enemy_flag +40,medium,
#476:K-19,#476,K-19,fishery,476C,476,ownership_current,enemy,attack_allowed,owned,other,TRUE,FALSE,10,50,mid,fishery +10; enemy_flag +40,medium,
#476:K-21,#476,K-21,fishery,476C,476,ownership_current,enemy,attack_allowed,owned,other,TRUE,FALSE,10,50,mid,fishery +10; enemy_flag +40,medium,
#476:K-3,#476,K-3,fishery,476H,476,ownership_current,enemy,attack_allowed,owned,other,TRUE,FALSE,10,50,mid,fishery +10; enemy_flag +40,medium,
#476:K-5,#476,K-5,fishery,476A,476,ownership_current,enemy,attack_allowed,owned,other,TRUE,FALSE,10,50,mid,fishery +10; enemy_flag +40,medium,
#476:K-7,#476,K-7,fishery,476C,476,ownership_current,enemy,attack_allowed,owned,other,TRUE,FALSE,10,50,mid,fishery +10; enemy_flag +40,medium,
#480:B-15,#480,B-15,fishery,476A,476,ownership_current,enemy,attack_allowed,owned,other,TRUE,FALSE,10,50,mid,fishery +10; enemy_flag +40,medium,
#480:B-7,#480,B-7,fishery,BgNa,480,alliance_directory,enemy,attack_allowed,owned,other,TRUE,FALSE,10,50,mid,fishery +10; enemy_flag +40,medium,
#480:C-1,#480,C-1,fishery,BgNa,480,alliance_directory,enemy,attack_allowed,owned,other,TRUE,FALSE,10,50,mid,fishery +10; enemy_flag +40,medium,
#480:C-11,#480,C-11,fishery,BgNa,480,alliance_directory,enemy,attack_allowed,owned,other,TRUE,FALSE,10,50,mid,fishery +10; enemy_flag +40,medium,
#480:C-17,#480,C-17,fishery,AAOA,480,alliance_directory,enemy,attack_allowed,owned,other,TRUE,FALSE,10,50,mid,fishery +10; enemy_flag +40,medium,
#480:F-15,#480,F-15,fishery,TkTk,480,alliance_directory,enemy,attack_allowed,owned,other,TRUE,FALSE,10,50,mid,fishery +10; enemy_flag +40,medium,
#480:F-3,#480,F-3,fishery,Digg,480,alliance_directory,enemy,attack_allowed,owned,other,TRUE,FALSE,10,50,mid,fishery +10; enemy_flag +40,medium,
#480:F-5,#480,F-5,fishery,TkTk,480,alliance_directory,enemy,attack_allowed,owned,other,TRUE,FALSE,10,50,mid,fishery +10; enemy_flag +40,medium,
#480:F-7,#480,F-7,fishery,BgNa,480,alliance_directory,enemy,attack_allowed,owned,other,TRUE,FALSE,10,50,mid,fishery +10; enemy_flag +40,medium,
#480:G-17,#480,G-17,fishery,BgNa,480,alliance_directory,enemy,attack_allowed,owned,other,TRUE,FALSE,10,50,mid,fishery +10; enemy_flag +40,medium,
#480:G-3,#480,G-3,fishery,Digg,480,alliance_directory,enemy,attack_allowed,owned,other,TRUE,FALSE,10,50,mid,fishery +10; enemy_flag +40,medium,
#480:G-5,#480,G-5,fishery,Digg,480,alliance_directory,enemy,attack_allowed,owned,other,TRUE,FALSE,10,50,mid,fishery +10; enemy_flag +40,medium,
#480:G-7,#480,G-7,fishery,RCON,480,alliance_directory,enemy,attack_allowed,owned,other,TRUE,FALSE,10,50,mid,fishery +10; enemy_flag +40,medium,
#480:H-1,#480,H-1,fishery,Digg,480,alliance_directory,enemy,attack_allowed,owned,other,TRUE,FALSE,10,50,mid,fishery +10; enemy_flag +40,medium,
#480:H-11,#480,H-11,fishery,GX99,503,alliance_directory,enemy,attack_allowed,owned,other,TRUE,FALSE,10,50,mid,fishery +10; enemy_flag +40,medium,
#480:H-21,#480,H-21,fishery,Digg,480,alliance_directory,enemy,attack_allowed,owned,other,TRUE,FALSE,10,50,mid,fishery +10; enemy_flag +40,medium,
#480:I-21,#480,I-21,fishery,Digg,480,alliance_directory,enemy,attack_allowed,owned,other,TRUE,FALSE,10,50,mid,fishery +10; enemy_flag +40,medium,
#480:I-7,#480,I-7,fishery,TkTk,480,alliance_directory,enemy,attack_allowed,owned,other,TRUE,FALSE,10,50,mid,fishery +10; enemy_flag +40,medium,
#480:J-15,#480,J-15,fishery,AAOA,480,alliance_directory,enemy,attack_allowed,owned,other,TRUE,FALSE,10,50,mid,fishery +10; enemy_flag +40,medium,
#480:J-19,#480,J-19,fishery,Digg,480,alliance_directory,enemy,attack_allowed,owned,other,TRUE,FALSE,10,50,mid,fishery +10; enemy_flag +40,medium,
#480:J-21,#480,J-21,fishery,Digg,480,alliance_directory,enemy,attack_allowed,owned,other,TRUE,FALSE,10,50,mid,fishery +10; enemy_flag +40,medium,
#480:J-5,#480,J-5,fishery,TkTk,480,alliance_directory,enemy,attack_allowed,owned,other,TRUE,FALSE,10,50,mid,fishery +10; enemy_flag +40,medium,
#480:J-7,#480,J-7,fishery,TkTk,480,alliance_directory,enemy,attack_allowed,owned,other,TRUE,FALSE,10,50,mid,fishery +10; enemy_flag +40,medium,
#480:K-17,#480,K-17,fishery,Digg,480,alliance_directory,enemy,attack_allowed,owned,other,TRUE,FALSE,10,50,mid,fishery +10; enemy_flag +40,medium,
#480:K-19,#480,K-19,fishery,GX99,503,alliance_directory,enemy,attack_allowed,owned,other,TRUE,FALSE,10,50,mid,fishery +10; enemy_flag +40,medium,
#480:K-5,#480,K-5,fishery,Lghs,503,alliance_directory,enemy,attack_allowed,owned,other,TRUE,FALSE,10,50,mid,fishery +10; enemy_flag +40,medium,
#480:K-7,#480,K-7,fishery,GX99,503,alliance_directory,enemy,attack_allowed,owned,other,TRUE,FALSE,10,50,mid,fishery +10; enemy_flag +40,medium,
#503:A-15,#503,A-15,fishery,GX99,503,alliance_directory,enemy,attack_allowed,owned,other,TRUE,FALSE,10,50,mid,fishery +10; enemy_flag +40,medium,
#503:A-17,#503,A-17,fishery,Digg,480,alliance_directory,enemy,attack_allowed,owned,other,TRUE,FALSE,10,50,mid,fishery +10; enemy_flag +40,medium,
#503:B-15,#503,B-15,fishery,AAOA,480,alliance_directory,enemy,attack_allowed,owned,other,TRUE,FALSE,10,50,mid,fishery +10; enemy_flag +40,medium,
#503:B-17,#503,B-17,fishery,TkTk,480,alliance_directory,enemy,attack_allowed,owned,other,TRUE,FALSE,10,50,mid,fishery +10; enemy_flag +40,medium,
#503:C-13,#503,C-13,fishery,AAOA,480,alliance_directory,enemy,attack_allowed,owned,other,TRUE,FALSE,10,50,mid,fishery +10; enemy_flag +40,medium,
#503:C-15,#503,C-15,fishery,AAOA,480,alliance_directory,enemy,attack_allowed,owned,other,TRUE,FALSE,10,50,mid,fishery +10; enemy_flag +40,medium,
#503:C-17,#503,C-17,fishery,Digg,480,alliance_directory,enemy,attack_allowed,owned,other,TRUE,FALSE,10,50,mid,fishery +10; enemy_flag +40,medium,
#503:C-19,#503,C-19,fishery,Digg,480,alliance_directory,enemy,attack_allowed,owned,other,TRUE,FALSE,10,50,mid,fishery +10; enemy_flag +40,medium,
#503:F-3,#503,F-3,fishery,GX99,503,alliance_directory,enemy,attack_allowed,owned,other,TRUE,FALSE,10,50,mid,fishery +10; enemy_flag +40,medium,
#503:F-9,#503,F-9,fishery,476A,476,ownership_current,enemy,attack_allowed,owned,other,TRUE,FALSE,10,50,mid,fishery +10; enemy_flag +40,medium,
#503:G-1,#503,G-1,fishery,GX99,503,alliance_directory,enemy,attack_allowed,owned,other,TRUE,FALSE,10,50,mid,fishery +10; enemy_flag +40,medium,
#503:G-3,#503,G-3,fishery,fzn,503,alliance_directory,enemy,attack_allowed,owned,other,TRUE,FALSE,10,50,mid,fishery +10; enemy_flag +40,medium,
#503:G-5,#503,G-5,fishery,fzn,503,alliance_directory,enemy,attack_allowed,owned,other,TRUE,FALSE,10,50,mid,fishery +10; enemy_flag +40,medium,
#503:G-7,#503,G-7,fishery,GX99,503,alliance_directory,enemy,attack_allowed,owned,other,TRUE,FALSE,10,50,mid,fishery +10; enemy_flag +40,medium,
#509:A-11,#509,A-11,fishery,476A,476,ownership_current,enemy,attack_allowed,owned,other,TRUE,FALSE,10,50,mid,fishery +10; enemy_flag +40,medium,
#509:A-19,#509,A-19,fishery,GX99,503,alliance_directory,enemy,attack_allowed,owned,other,TRUE,FALSE,10,50,mid,fishery +10; enemy_flag +40,medium,
#509:A-5,#509,A-5,fishery,476Z,476,ownership_current,enemy,attack_allowed,owned,other,TRUE,FALSE,10,50,mid,fishery +10; enemy_flag +40,medium,
#509:A-7,#509,A-7,fishery,476B,476,ownership_current,enemy,attack_allowed,owned,other,TRUE,FALSE,10,50,mid,fishery +10; enemy_flag +40,medium,
#509:A-9,#509,A-9,fishery,476Z,476,ownership_current,enemy,attack_allowed,owned,other,TRUE,FALSE,10,50,mid,fishery +10; enemy_flag +40,medium,
#509:B-11,#509,B-11,fishery,476d,476,ownership_current,enemy,attack_allowed,owned,other,TRUE,FALSE,10,50,mid,fishery +10; enemy_flag +40,medium,
#509:B-13,#509,B-13,fishery,476d,476,ownership_current,enemy,attack_allowed,owned,other,TRUE,FALSE,10,50,mid,fishery +10; enemy_flag +40,medium,
#509:C-11,#509,C-11,fishery,476d,476,ownership_current,enemy,attack_allowed,owned,other,TRUE,FALSE,10,50,mid,fishery +10; enemy_flag +40,medium,
#509:C-13,#509,C-13,fishery,476A,476,ownership_current,enemy,attack_allowed,owned,other,TRUE,FALSE,10,50,mid,fishery +10; enemy_flag +40,medium,
#509:C-19,#509,C-19,fishery,RCON,480,alliance_directory,enemy,attack_allowed,owned,other,TRUE,FALSE,10,50,mid,fishery +10; enemy_flag +40,medium,
#509:C-7,#509,C-7,fishery,476d,476,ownership_current,enemy,attack_allowed,owned,other,TRUE,FALSE,10,50,mid,fishery +10; enemy_flag +40,medium,
#509:C-9,#509,C-9,fishery,476d,476,ownership_current,enemy,attack_allowed,owned,other,TRUE,FALSE,10,50,mid,fishery +10; enemy_flag +40,medium,
#509:F-17,#509,F-17,fishery,Lghs,503,alliance_directory,enemy,attack_allowed,owned,other,TRUE,FALSE,10,50,mid,fishery +10; enemy_flag +40,medium,
#509:F-19,#509,F-19,fishery,Lghs,503,alliance_directory,enemy,attack_allowed,owned,other,TRUE,FALSE,10,50,mid,fishery +10; enemy_flag +40,medium,
#509:F-21,#509,F-21,fishery,GX99,503,alliance_directory,enemy,attack_allowed,owned,other,TRUE,FALSE,10,50,mid,fishery +10; enemy_flag +40,medium,
#509:F-7,#509,F-7,fishery,GX99,503,alliance_directory,enemy,attack_allowed,owned,other,TRUE,FALSE,10,50,mid,fishery +10; enemy_flag +40,medium,
#509:F-9,#509,F-9,fishery,476A,476,ownership_current,enemy,attack_allowed,owned,other,TRUE,FALSE,10,50,mid,fishery +10; enemy_flag +40,medium,
#509:G-19,#509,G-19,fishery,GX99,503,alliance_directory,enemy,attack_allowed,owned,other,TRUE,FALSE,10,50,mid,fishery +10; enemy_flag +40,medium,
#509:G-21,#509,G-21,fishery,GX99,503,alliance_directory,enemy,attack_allowed,owned,other,TRUE,FALSE,10,50,mid,fishery +10; enemy_flag +40,medium,
#509:G-9,#509,G-9,fishery,476A,476,ownership_current,enemy,attack_allowed,owned,other,TRUE,FALSE,10,50,mid,fishery +10; enemy_flag +40,medium,
#509:I-5,#509,I-5,fishery,fzn,503,alliance_directory,enemy,attack_allowed,owned,other,TRUE,FALSE,10,50,mid,fishery +10; enemy_flag +40,medium,
#509:I-7,#509,I-7,fishery,fzn,503,alliance_directory,enemy,attack_allowed,owned,other,TRUE,FALSE,10,50,mid,fishery +10; enemy_flag +40,medium,
#509:J-15,#509,J-15,fishery,TkTk,480,alliance_directory,enemy,attack_allowed,owned,other,TRUE,FALSE,10,50,mid,fishery +10; enemy_flag +40,medium,
#509:J-17,#509,J-17,fishery,fzn,503,alliance_directory,enemy,attack_allowed,owned,other,TRUE,FALSE,10,50,mid,fishery +10; enemy_flag +40,medium,
#509:J-19,#509,J-19,fishery,fzn,503,alliance_directory,enemy,attack_allowed,owned,other,TRUE,FALSE,10,50,mid,fishery +10; enemy_flag +40,medium,
#509:J-21,#509,J-21,fishery,fzn,503,alliance_directory,enemy,attack_allowed,owned,other,TRUE,FALSE,10,50,mid,fishery +10; enemy_flag +40,medium,
#509:J-9,#509,J-9,fishery,fzn,503,alliance_directory,enemy,attack_allowed,owned,other,TRUE,FALSE,10,50,mid,fishery +10; enemy_flag +40,medium,
#511:G-11,#511,G-11,fishery,BgNa,480,alliance_directory,enemy,attack_allowed,owned,other,TRUE,FALSE,10,50,mid,fishery +10; enemy_flag +40,medium,
#511:G-13,#511,G-13,fishery,BgNa,480,alliance_directory,enemy,attack_allowed,owned,other,TRUE,FALSE,10,50,mid,fishery +10; enemy_flag +40,medium,
#511:G-21,#511,G-21,fishery,476M,476,ownership_current,enemy,attack_allowed,owned,other,TRUE,FALSE,10,50,mid,fishery +10; enemy_flag +40,medium,
#511:H-19,#511,H-19,fishery,BgNa,480,alliance_directory,enemy,attack_allowed,owned,other,TRUE,FALSE,10,50,mid,fishery +10; enemy_flag +40,medium,
#511:H-21,#511,H-21,fishery,476M,476,ownership_current,enemy,attack_allowed,owned,other,TRUE,FALSE,10,50,mid,fishery +10; enemy_flag +40,medium,
#511:J-1,#511,J-1,fishery,476Z,476,ownership_current,enemy,attack_allowed,owned,other,TRUE,FALSE,10,50,mid,fishery +10; enemy_flag +40,medium,
#511:J-11,#511,J-11,fishery,476X,476,ownership_current,enemy,attack_allowed,owned,other,TRUE,FALSE,10,50,mid,fishery +10; enemy_flag +40,medium,
#511:J-17,#511,J-17,fishery,AAOA,480,alliance_directory,enemy,attack_allowed,owned,other,TRUE,FALSE,10,50,mid,fishery +10; enemy_flag +40,medium,
#511:J-3,#511,J-3,fishery,476B,476,ownership_current,enemy,attack_allowed,owned,other,TRUE,FALSE,10,50,mid,fishery +10; enemy_flag +40,medium,
#511:J-7,#511,J-7,fishery,476M,476,ownership_current,enemy,attack_allowed,owned,other,TRUE,FALSE,10,50,mid,fishery +10; enemy_flag +40,medium,
#523:I-21,#523,I-21,fishery,476Z,476,ownership_current,enemy,attack_allowed,owned,other,TRUE,FALSE,10,50,mid,fishery +10; enemy_flag +40,medium,
#523:J-11,#523,J-11,fishery,476M,476,ownership_current,enemy,attack_allowed,owned,other,TRUE,FALSE,10,50,mid,fishery +10; enemy_flag +40,medium,
#523:J-17,#523,J-17,fishery,476Z,476,ownership_current,enemy,attack_allowed,owned,other,TRUE,FALSE,10,50,mid,fishery +10; enemy_flag +40,medium,
#523:K-21,#523,K-21,fishery,476Z,476,ownership_current,enemy,attack_allowed,owned,other,TRUE,FALSE,10,50,mid,fishery +10; enemy_flag +40,medium,
#534:A-7,#534,A-7,fishery,476C,476,ownership_current,enemy,attack_allowed,owned,other,TRUE,FALSE,10,50,mid,fishery +10; enemy_flag +40,medium,
#534:B-7,#534,B-7,fishery,476C,476,ownership_current,enemy,attack_allowed,owned,other,TRUE,FALSE,10,50,mid,fishery +10; enemy_flag +40,medium,
#534:C-11,#534,C-11,fishery,476B,476,ownership_current,enemy,attack_allowed,owned,other,TRUE,FALSE,10,50,mid,fishery +10; enemy_flag +40,medium,
#534:C-7,#534,C-7,fishery,476C,476,ownership_current,enemy,attack_allowed,owned,other,TRUE,FALSE,10,50,mid,fishery +10; enemy_flag +40,medium,
#534:C-9,#534,C-9,fishery,476C,476,ownership_current,enemy,attack_allowed,owned,other,TRUE,FALSE,10,50,mid,fishery +10; enemy_flag +40,medium,
#534:F-13,#534,F-13,fishery,476B,476,ownership_current,enemy,attack_allowed,owned,other,TRUE,FALSE,10,50,mid,fishery +10; enemy_flag +40,medium,
#534:F-15,#534,F-15,fishery,476B,476,ownership_current,enemy,attack_allowed,owned,other,TRUE,FALSE,10,50,mid,fishery +10; enemy_flag +40,medium,
#534:F-7,#534,F-7,fishery,476C,476,ownership_current,enemy,attack_allowed,owned,other,TRUE,FALSE,10,50,mid,fishery +10; enemy_flag +40,medium,
#534:G-13,#534,G-13,fishery,476B,476,ownership_current,enemy,attack_allowed,owned,other,TRUE,FALSE,10,50,mid,fishery +10; enemy_flag +40,medium,
中央:中央-1-1,中央,中央-1-1,fishery,476A,476,ownership_current,enemy,attack_allowed,owned,other,TRUE,FALSE,10,50,mid,fishery +10; enemy_flag +40,medium,
中央:中央-1-16,中央,中央-1-16,fishery,TkTk,480,alliance_directory,enemy,attack_allowed,owned,other,TRUE,FALSE,10,50,mid,fishery +10; enemy_flag +40,medium,
中央:中央-1-17,中央,中央-1-17,fishery,Lghs,503,alliance_directory,enemy,attack_allowed,owned,other,TRUE,FALSE,10,50,mid,fishery +10; enemy_flag +40,medium,
中央:中央-1-2,中央,中央-1-2,fishery,476B,476,ownership_current,enemy,attack_allowed,owned,other,TRUE,FALSE,10,50,mid,fishery +10; enemy_flag +40,medium,
中央:中央-1-20,中央,中央-1-20,fishery,Lghs,503,alliance_directory,enemy,attack_allowed,owned,other,TRUE,FALSE,10,50,mid,fishery +10; enemy_flag +40,medium,
中央:中央-1-3,中央,中央-1-3,fishery,476d,476,ownership_current,enemy,attack_allowed,owned,other,TRUE,FALSE,10,50,mid,fishery +10; enemy_flag +40,medium,
中央:中央-1-4,中央,中央-1-4,fishery,476C,476,ownership_current,enemy,attack_allowed,owned,other,TRUE,FALSE,10,50,mid,fishery +10; enemy_flag +40,medium,
中央:中央-1-8,中央,中央-1-8,fishery,476Z,476,ownership_current,enemy,attack_allowed,owned,other,TRUE,FALSE,10,50,mid,fishery +10; enemy_flag +40,medium,
中央:中央-1-9,中央,中央-1-9,fishery,476A,476,ownership_current,enemy,attack_allowed,owned,other,TRUE,FALSE,10,50,mid,fishery +10; enemy_flag +40,medium,
中央:中央-10-20,中央,中央-10-20,fishery,AAOA,480,alliance_directory,enemy,attack_allowed,owned,other,TRUE,FALSE,10,50,mid,fishery +10; enemy_flag +40,medium,
中央:中央-11-19,中央,中央-11-19,fishery,AAOA,480,alliance_directory,enemy,attack_allowed,owned,other,TRUE,FALSE,10,50,mid,fishery +10; enemy_flag +40,medium,
中央:中央-12-1,中央,中央-12-1,fishery,476X,476,ownership_current,enemy,attack_allowed,owned,other,TRUE,FALSE,10,50,mid,fishery +10; enemy_flag +40,medium,
中央:中央-12-18,中央,中央-12-18,fishery,AAOA,480,alliance_directory,enemy,attack_allowed,owned,other,TRUE,FALSE,10,50,mid,fishery +10; enemy_flag +40,medium,
中央:中央-12-19,中央,中央-12-19,fishery,BgNa,480,alliance_directory,enemy,attack_allowed,owned,other,TRUE,FALSE,10,50,mid,fishery +10; enemy_flag +40,medium,
中央:中央-12-3,中央,中央-12-3,fishery,476M,476,ownership_current,enemy,attack_allowed,owned,other,TRUE,FALSE,10,50,mid,fishery +10; enemy_flag +40,medium,
中央:中央-13-1,中央,中央-13-1,fishery,476M,476,ownership_current,enemy,attack_allowed,owned,other,TRUE,FALSE,10,50,mid,fishery +10; enemy_flag +40,medium,
中央:中央-13-20,中央,中央-13-20,fishery,BgNa,480,alliance_directory,enemy,attack_allowed,owned,other,TRUE,FALSE,10,50,mid,fishery +10; enemy_flag +40,medium,
中央:中央-13-3,中央,中央-13-3,fishery,476X,476,ownership_current,enemy,attack_allowed,owned,other,TRUE,FALSE,10,50,mid,fishery +10; enemy_flag +40,medium,
中央:中央-14-1,中央,中央-14-1,fishery,476X,476,ownership_current,enemy,attack_allowed,owned,other,TRUE,FALSE,10,50,mid,fishery +10; enemy_flag +40,medium,
中央:中央-14-2,中央,中央-14-2,fishery,476X,476,ownership_current,enemy,attack_allowed,owned,other,TRUE,FALSE,10,50,mid,fishery +10; enemy_flag +40,medium,
中央:中央-15-1,中央,中央-15-1,fishery,476X,476,ownership_current,enemy,attack_allowed,owned,other,TRUE,FALSE,10,50,mid,fishery +10; enemy_flag +40,medium,
中央:中央-15-2,中央,中央-15-2,fishery,476X,476,ownership_current,enemy,attack_allowed,owned,other,TRUE,FALSE,10,50,mid,fishery +10; enemy_flag +40,medium,
中央:中央-16-1,中央,中央-16-1,fishery,476M,476,ownership_current,enemy,attack_allowed,owned,other,TRUE,FALSE,10,50,mid,fishery +10; enemy_flag +40,medium,
中央:中央-16-20,中央,中央-16-20,fishery,AAOA,480,alliance_directory,enemy,attack_allowed,owned,other,TRUE,FALSE,10,50,mid,fishery +10; enemy_flag +40,medium,
中央:中央-16-3,中央,中央-16-3,fishery,476M,476,ownership_current,enemy,attack_allowed,owned,other,TRUE,FALSE,10,50,mid,fishery +10; enemy_flag +40,medium,
中央:中央-17-18,中央,中央-17-18,fishery,BgNa,480,alliance_directory,enemy,attack_allowed,owned,other,TRUE,FALSE,10,50,mid,fishery +10; enemy_flag +40,medium,
中央:中央-17-20,中央,中央-17-20,fishery,BgNa,480,alliance_directory,enemy,attack_allowed,owned,other,TRUE,FALSE,10,50,mid,fishery +10; enemy_flag +40,medium,
中央:中央-17-3,中央,中央-17-3,fishery,476X,476,ownership_current,enemy,attack_allowed,owned,other,TRUE,FALSE,10,50,mid,fishery +10; enemy_flag +40,medium,
中央:中央-18-1,中央,中央-18-1,fishery,476X,476,ownership_current,enemy,attack_allowed,owned,other,TRUE,FALSE,10,50,mid,fishery +10; enemy_flag +40,medium,
中央:中央-18-19,中央,中央-18-19,fishery,AAOA,480,alliance_directory,enemy,attack_allowed,owned,other,TRUE,FALSE,10,50,mid,fishery +10; enemy_flag +40,medium,
中央:中央-18-20,中央,中央-18-20,fishery,BgNa,480,alliance_directory,enemy,attack_allowed,owned,other,TRUE,FALSE,10,50,mid,fishery +10; enemy_flag +40,medium,
中央:中央-18-4,中央,中央-18-4,fishery,476X,476,ownership_current,enemy,attack_allowed,owned,other,TRUE,FALSE,10,50,mid,fishery +10; enemy_flag +40,medium,
中央:中央-19-1,中央,中央-19-1,fishery,476X,476,ownership_current,enemy,attack_allowed,owned,other,TRUE,FALSE,10,50,mid,fishery +10; enemy_flag +40,medium,
中央:中央-19-17,中央,中央-19-17,fishery,BgNa,480,alliance_directory,enemy,attack_allowed,owned,other,TRUE,FALSE,10,50,mid,fishery +10; enemy_flag +40,medium,
中央:中央-19-19,中央,中央-19-19,fishery,AAOA,480,alliance_directory,enemy,attack_allowed,owned,other,TRUE,FALSE,10,50,mid,fishery +10; enemy_flag +40,medium,
中央:中央-19-3,中央,中央-19-3,fishery,476X,476,ownership_current,enemy,attack_allowed,owned,other,TRUE,FALSE,10,50,mid,fishery +10; enemy_flag +40,medium,
中央:中央-19-5,中央,中央-19-5,fishery,476M,476,ownership_current,enemy,attack_allowed,owned,other,TRUE,FALSE,10,50,mid,fishery +10; enemy_flag +40,medium,
中央:中央-2-16,中央,中央-2-16,fishery,476A,476,ownership_current,enemy,attack_allowed,owned,other,TRUE,FALSE,10,50,mid,fishery +10; enemy_flag +40,medium,
中央:中央-2-2,中央,中央-2-2,fishery,476C,476,ownership_current,enemy,attack_allowed,owned,other,TRUE,FALSE,10,50,mid,fishery +10; enemy_flag +40,medium,
中央:中央-2-20,中央,中央-2-20,fishery,RCON,480,alliance_directory,enemy,attack_allowed,owned,other,TRUE,FALSE,10,50,mid,fishery +10; enemy_flag +40,medium,
中央:中央-2-3,中央,中央-2-3,fishery,476C,476,ownership_current,enemy,attack_allowed,owned,other,TRUE,FALSE,10,50,mid,fishery +10; enemy_flag +40,medium,
中央:中央-2-4,中央,中央-2-4,fishery,476B,476,ownership_current,enemy,attack_allowed,owned,other,TRUE,FALSE,10,50,mid,fishery +10; enemy_flag +40,medium,
中央:中央-2-5,中央,中央-2-5,fishery,476Z,476,ownership_current,enemy,attack_allowed,owned,other,TRUE,FALSE,10,50,mid,fishery +10; enemy_flag +40,medium,
中央:中央-2-6,中央,中央-2-6,fishery,476Z,476,ownership_current,enemy,attack_allowed,owned,other,TRUE,FALSE,10,50,mid,fishery +10; enemy_flag +40,medium,
中央:中央-2-7,中央,中央-2-7,fishery,476Z,476,ownership_current,enemy,attack_allowed,owned,other,TRUE,FALSE,10,50,mid,fishery +10; enemy_flag +40,medium,
中央:中央-2-9,中央,中央-2-9,fishery,476d,476,ownership_current,enemy,attack_allowed,owned,other,TRUE,FALSE,10,50,mid,fishery +10; enemy_flag +40,medium,
中央:中央-20-1,中央,中央-20-1,fishery,476X,476,ownership_current,enemy,attack_allowed,owned,other,TRUE,FALSE,10,50,mid,fishery +10; enemy_flag +40,medium,
中央:中央-20-16,中央,中央-20-16,fishery,BgNa,480,alliance_directory,enemy,attack_allowed,owned,other,TRUE,FALSE,10,50,mid,fishery +10; enemy_flag +40,medium,
中央:中央-20-18,中央,中央-20-18,fishery,BgNa,480,alliance_directory,enemy,attack_allowed,owned,other,TRUE,FALSE,10,50,mid,fishery +10; enemy_flag +40,medium,
中央:中央-20-3,中央,中央-20-3,fishery,476X,476,ownership_current,enemy,attack_allowed,owned,other,TRUE,FALSE,10,50,mid,fishery +10; enemy_flag +40,medium,
中央:中央-3-1,中央,中央-3-1,fishery,476H,476,ownership_current,enemy,attack_allowed,owned,other,TRUE,FALSE,10,50,mid,fishery +10; enemy_flag +40,medium,
中央:中央-3-12,中央,中央-3-12,fishery,476A,476,ownership_current,enemy,attack_allowed,owned,other,TRUE,FALSE,10,50,mid,fishery +10; enemy_flag +40,medium,
中央:中央-3-14,中央,中央-3-14,fishery,476d,476,ownership_current,enemy,attack_allowed,owned,other,TRUE,FALSE,10,50,mid,fishery +10; enemy_flag +40,medium,
中央:中央-3-15,中央,中央-3-15,fishery,476d,476,ownership_current,enemy,attack_allowed,owned,other,TRUE,FALSE,10,50,mid,fishery +10; enemy_flag +40,medium,
中央:中央-3-3,中央,中央-3-3,fishery,476C,476,ownership_current,enemy,attack_allowed,owned,other,TRUE,FALSE,10,50,mid,fishery +10; enemy_flag +40,medium,
中央:中央-3-4,中央,中央-3-4,fishery,476C,476,ownership_current,enemy,attack_allowed,owned,other,TRUE,FALSE,10,50,mid,fishery +10; enemy_flag +40,medium,
中央:中央-3-8,中央,中央-3-8,fishery,476B,476,ownership_current,enemy,attack_allowed,owned,other,TRUE,FALSE,10,50,mid,fishery +10; enemy_flag +40,medium,
中央:中央-3-9,中央,中央-3-9,fishery,476B,476,ownership_current,enemy,attack_allowed,owned,other,TRUE,FALSE,10,50,mid,fishery +10; enemy_flag +40,medium,
中央:中央-4-2,中央,中央-4-2,fishery,476H,476,ownership_current,enemy,attack_allowed,owned,other,TRUE,FALSE,10,50,mid,fishery +10; enemy_flag +40,medium,
中央:中央-4-20,中央,中央-4-20,fishery,RCON,480,alliance_directory,enemy,attack_allowed,owned,other,TRUE,FALSE,10,50,mid,fishery +10; enemy_flag +40,medium,
中央:中央-4-3,中央,中央-4-3,fishery,476C,476,ownership_current,enemy,attack_allowed,owned,other,TRUE,FALSE,10,50,mid,fishery +10; enemy_flag +40,medium,
中央:中央-5-19,中央,中央-5-19,fishery,TkTk,480,alliance_directory,enemy,attack_allowed,owned,other,TRUE,FALSE,10,50,mid,fishery +10; enemy_flag +40,medium,
中央:中央-6-19,中央,中央-6-19,fishery,RCON,480,alliance_directory,enemy,attack_allowed,owned,other,TRUE,FALSE,10,50,mid,fishery +10; enemy_flag +40,medium,
中央:中央-6-20,中央,中央-6-20,fishery,Digg,480,alliance_directory,enemy,attack_allowed,owned,other,TRUE,FALSE,10,50,mid,fishery +10; enemy_flag +40,medium,
中央:中央-7-20,中央,中央-7-20,fishery,TkTk,480,alliance_directory,enemy,attack_allowed,owned,other,TRUE,FALSE,10,50,mid,fishery +10; enemy_flag +40,medium,
中央:中央-8-18,中央,中央-8-18,fishery,RCON,480,alliance_directory,enemy,attack_allowed,owned,other,TRUE,FALSE,10,50,mid,fishery +10; enemy_flag +40,medium,
中央:中央-9-18,中央,中央-9-18,fishery,RCON,480,alliance_directory,enemy,attack_allowed,owned,other,TRUE,FALSE,10,50,mid,fishery +10; enemy_flag +40,medium,
中央:中央-10-15,中央,中央-10-15,unknown,GX99,503,alliance_directory,enemy,attack_allowed,owned,other,TRUE,FALSE,0,40,mid,enemy_flag +40,medium,
中央:中央-10-16,中央,中央-10-16,unknown,Lghs,503,alliance_directory,enemy,attack_allowed,owned,other,TRUE,FALSE,0,40,mid,enemy_flag +40,medium,
中央:中央-10-4,中央,中央-10-4,unknown,476T,476,ownership_current,enemy,attack_allowed,owned,other,TRUE,FALSE,0,40,mid,enemy_flag +40,medium,
中央:中央-10-5,中央,中央-10-5,unknown,476T,476,ownership_current,enemy,attack_allowed,owned,other,TRUE,FALSE,0,40,mid,enemy_flag +40,medium,
中央:中央-10-6,中央,中央-10-6,unknown,476T,476,ownership_current,enemy,attack_allowed,owned,other,TRUE,FALSE,0,40,mid,enemy_flag +40,medium,
中央:中央-11-15,中央,中央-11-15,unknown,AAOA,480,alliance_directory,enemy,attack_allowed,owned,other,TRUE,FALSE,0,40,mid,enemy_flag +40,medium,
中央:中央-11-16,中央,中央-11-16,unknown,TkTk,480,alliance_directory,enemy,attack_allowed,owned,other,TRUE,FALSE,0,40,mid,enemy_flag +40,medium,
中央:中央-12-16,中央,中央-12-16,unknown,BgNa,480,alliance_directory,enemy,attack_allowed,owned,other,TRUE,FALSE,0,40,mid,enemy_flag +40,medium,
中央:中央-13-15,中央,中央-13-15,unknown,Digg,480,alliance_directory,enemy,attack_allowed,owned,other,TRUE,FALSE,0,40,mid,enemy_flag +40,medium,
中央:中央-13-16,中央,中央-13-16,unknown,TkTk,480,alliance_directory,enemy,attack_allowed,owned,other,TRUE,FALSE,0,40,mid,enemy_flag +40,medium,
中央:中央-13-17,中央,中央-13-17,unknown,AAOA,480,alliance_directory,enemy,attack_allowed,owned,other,TRUE,FALSE,0,40,mid,enemy_flag +40,medium,
中央:中央-14-15,中央,中央-14-15,unknown,BgNa,480,alliance_directory,enemy,attack_allowed,owned,other,TRUE,FALSE,0,40,mid,enemy_flag +40,medium,
中央:中央-14-16,中央,中央-14-16,unknown,TkTk,480,alliance_directory,enemy,attack_allowed,owned,other,TRUE,FALSE,0,40,mid,enemy_flag +40,medium,
中央:中央-14-17,中央,中央-14-17,unknown,RCON,480,alliance_directory,enemy,attack_allowed,owned,other,TRUE,FALSE,0,40,mid,enemy_flag +40,medium,
中央:中央-15-15,中央,中央-15-15,unknown,RCON,480,alliance_directory,enemy,attack_allowed,owned,other,TRUE,FALSE,0,40,mid,enemy_flag +40,medium,
中央:中央-4-10,中央,中央-4-10,unknown,476A,476,ownership_current,enemy,attack_allowed,owned,other,TRUE,FALSE,0,40,mid,enemy_flag +40,medium,
中央:中央-4-11,中央,中央-4-11,unknown,Lghs,503,alliance_directory,enemy,attack_allowed,owned,other,TRUE,FALSE,0,40,mid,enemy_flag +40,medium,
中央:中央-4-15,中央,中央-4-15,unknown,fzn,503,alliance_directory,enemy,attack_allowed,owned,other,TRUE,FALSE,0,40,mid,enemy_flag +40,medium,
中央:中央-4-5,中央,中央-4-5,unknown,476d,476,ownership_current,enemy,attack_allowed,owned,other,TRUE,FALSE,0,40,mid,enemy_flag +40,medium,
中央:中央-4-6,中央,中央-4-6,unknown,476C,476,ownership_current,enemy,attack_allowed,owned,other,TRUE,FALSE,0,40,mid,enemy_flag +40,medium,
中央:中央-4-7,中央,中央-4-7,unknown,476X,476,ownership_current,enemy,attack_allowed,owned,other,TRUE,FALSE,0,40,mid,enemy_flag +40,medium,
中央:中央-4-8,中央,中央-4-8,unknown,476B,476,ownership_current,enemy,attack_allowed,owned,other,TRUE,FALSE,0,40,mid,enemy_flag +40,medium,
中央:中央-4-9,中央,中央-4-9,unknown,476A,476,ownership_current,enemy,attack_allowed,owned,other,TRUE,FALSE,0,40,mid,enemy_flag +40,medium,
中央:中央-5-10,中央,中央-5-10,unknown,476A,476,ownership_current,enemy,attack_allowed,owned,other,TRUE,FALSE,0,40,mid,enemy_flag +40,medium,
中央:中央-5-14,中央,中央-5-14,unknown,GX99,503,alliance_directory,enemy,attack_allowed,owned,other,TRUE,FALSE,0,40,mid,enemy_flag +40,medium,
中央:中央-5-17,中央,中央-5-17,unknown,Lghs,503,alliance_directory,enemy,attack_allowed,owned,other,TRUE,FALSE,0,40,mid,enemy_flag +40,medium,
中央:中央-5-4,中央,中央-5-4,unknown,476M,476,ownership_current,enemy,attack_allowed,owned,other,TRUE,FALSE,0,40,mid,enemy_flag +40,medium,
中央:中央-5-5,中央,中央-5-5,unknown,476M,476,ownership_current,enemy,attack_allowed,owned,other,TRUE,FALSE,0,40,mid,enemy_flag +40,medium,
中央:中央-5-6,中央,中央-5-6,unknown,476d,476,ownership_current,enemy,attack_allowed,owned,other,TRUE,FALSE,0,40,mid,enemy_flag +40,medium,
中央:中央-5-7,中央,中央-5-7,unknown,476C,476,ownership_current,enemy,attack_allowed,owned,other,TRUE,FALSE,0,40,mid,enemy_flag +40,medium,
中央:中央-5-8,中央,中央-5-8,unknown,476X,476,ownership_current,enemy,attack_allowed,owned,other,TRUE,FALSE,0,40,mid,enemy_flag +40,medium,
中央:中央-5-9,中央,中央-5-9,unknown,476B,476,ownership_current,enemy,attack_allowed,owned,other,TRUE,FALSE,0,40,mid,enemy_flag +40,medium,
中央:中央-6-10,中央,中央-6-10,unknown,476B,476,ownership_current,enemy,attack_allowed,owned,other,TRUE,FALSE,0,40,mid,enemy_flag +40,medium,
中央:中央-6-14,中央,中央-6-14,unknown,fzn,503,alliance_directory,enemy,attack_allowed,owned,other,TRUE,FALSE,0,40,mid,enemy_flag +40,medium,
中央:中央-6-17,中央,中央-6-17,unknown,GX99,503,alliance_directory,enemy,attack_allowed,owned,other,TRUE,FALSE,0,40,mid,enemy_flag +40,medium,
中央:中央-6-4,中央,中央-6-4,unknown,476Z,476,ownership_current,enemy,attack_allowed,owned,other,TRUE,FALSE,0,40,mid,enemy_flag +40,medium,
中央:中央-6-5,中央,中央-6-5,unknown,476Z,476,ownership_current,enemy,attack_allowed,owned,other,TRUE,FALSE,0,40,mid,enemy_flag +40,medium,
中央:中央-6-6,中央,中央-6-6,unknown,476M,476,ownership_current,enemy,attack_allowed,owned,other,TRUE,FALSE,0,40,mid,enemy_flag +40,medium,
中央:中央-6-7,中央,中央-6-7,unknown,476d,476,ownership_current,enemy,attack_allowed,owned,other,TRUE,FALSE,0,40,mid,enemy_flag +40,medium,
中央:中央-6-8,中央,中央-6-8,unknown,476C,476,ownership_current,enemy,attack_allowed,owned,other,TRUE,FALSE,0,40,mid,enemy_flag +40,medium,
中央:中央-6-9,中央,中央-6-9,unknown,476X,476,ownership_current,enemy,attack_allowed,owned,other,TRUE,FALSE,0,40,mid,enemy_flag +40,medium,
中央:中央-7-5,中央,中央-7-5,unknown,476H,476,ownership_current,enemy,attack_allowed,owned,other,TRUE,FALSE,0,40,mid,enemy_flag +40,medium,
中央:中央-7-6,中央,中央-7-6,unknown,476H,476,ownership_current,enemy,attack_allowed,owned,other,TRUE,FALSE,0,40,mid,enemy_flag +40,medium,
中央:中央-7-7,中央,中央-7-7,unknown,476Z,476,ownership_current,enemy,attack_allowed,owned,other,TRUE,FALSE,0,40,mid,enemy_flag +40,medium,
中央:中央-8-17,中央,中央-8-17,unknown,299,299,ownership_current,enemy,unknown,owned,other,TRUE,FALSE,0,40,mid,enemy_flag +40,medium,
中央:中央-9-4,中央,中央-9-4,unknown,476K,476,ownership_current,enemy,attack_allowed,owned,other,TRUE,FALSE,0,40,mid,enemy_flag +40,medium,
中央:中央-9-5,中央,中央-9-5,unknown,476K,476,ownership_current,enemy,attack_allowed,owned,other,TRUE,FALSE,0,40,mid,enemy_flag +40,medium,
中央:中央-9-6,中央,中央-9-6,unknown,476K,476,ownership_current,enemy,attack_allowed,owned,other,TRUE,FALSE,0,40,mid,enemy_flag +40,medium,
