node_id,area,coord,node_type_raw,node_type_norm,x,y,current_alliance,owner_server,owner_server_source,server_side,pact_status,pact_source,status_raw,status_norm,captured_at_jst,safe_until_jst,protection_status,last_event_at,last_event_owner,event_count,confidence,enemy_flag,destroyed_flag,warning_flags,source_row,updated_at_jst,memo
中央:中央-11-15,中央,中央-11-15,祭壇,unknown,724,474,AAOA,480,alliance_directory,enemy,attack_allowed,manual,active,owned,2026/05/27 0:00,,safe_time_missing,2026/05/27 0:00,AAOA,0,medium,TRUE,FALSE,,1774,2026-05-31T14:21:08+09:00,
中央:中央-11-17,中央,中央-11-17,祭壇,unknown,824,474,WbW,,unknown,unknown,unknown,,active,owned,2026/05/27 0:00,,safe_time_missing,2026/05/27 0:00,WbW,0,medium,FALSE,FALSE,missing_owner_server;unknown_affiliation,1775,2026-05-31T14:21:08+09:00,
中央:中央-12-15,中央,中央-12-15,祭壇,unknown,724,424,WbW,,unknown,unknown,unknown,,active,owned,2026/05/27 0:00,,safe_time_missing,2026/05/27 0:00,WbW,0,medium,FALSE,FALSE,missing_owner_server;unknown_affiliation,1776,2026-05-31T14:21:08+09:00,
中央:中央-14-17,中央,中央-14-17,祭壇,unknown,824,324,RCON,480,alliance_directory,enemy,attack_allowed,manual,active,owned,2026/05/27 0:00,,safe_time_missing,2026/05/27 0:00,RCON,0,medium,TRUE,FALSE,,1777,2026-05-31T14:21:08+09:00,
中央:中央-15-4,中央,中央-15-4,祭壇,unknown,174,274,JL2,,unknown,unknown,unknown,,active,owned,2026/05/27 0:00,,safe_time_missing,2026/05/27 0:00,JL2,0,medium,FALSE,FALSE,missing_owner_server;unknown_affiliation,1778,2026-05-31T14:21:08+09:00,
中央:中央-15-5,中央,中央-15-5,祭壇,unknown,224,274,DaNG,511,alliance_directory,ally,attack_allowed,manual,active,owned,2026/05/27 0:00,,safe_time_missing,2026/05/27 0:00,DaNG,0,medium,FALSE,FALSE,,1779,2026-05-31T14:21:08+09:00,
中央:中央-16-16,中央,中央-16-16,祭壇,unknown,774,224,SVa,511,alliance_directory,ally,attack_allowed,manual,active,owned,2026/05/27 0:00,,safe_time_missing,2026/05/27 0:00,SVa,0,medium,FALSE,FALSE,,1780,2026-05-31T14:21:08+09:00,
中央:中央-16-5,中央,中央-16-5,祭壇,unknown,224,224,EDFS,,unknown,unknown,unknown,,active,owned,2026/05/27 0:00,,safe_time_missing,2026/05/27 0:00,EDFS,0,medium,FALSE,FALSE,missing_owner_server;unknown_affiliation,1781,2026-05-31T14:21:08+09:00,
中央:中央-17-5,中央,中央-17-5,祭壇,unknown,224,174,FHX,509,alliance_directory,ally,attack_allowed,manual,active,owned,2026/05/27 0:00,,safe_time_missing,2026/05/27 0:00,FHX,0,medium,FALSE,FALSE,,1782,2026-05-31T14:21:08+09:00,
中央:中央-4-7,中央,中央-4-7,祭壇,unknown,324,824,476X,476,ownership_current,enemy,attack_allowed,manual,active,owned,2026/05/27 0:00,,safe_time_missing,2026/05/27 0:00,476X,0,medium,TRUE,FALSE,,1783,2026-05-31T14:21:08+09:00,
中央:中央-5-15,中央,中央-5-15,祭壇,unknown,724,774,one,,unknown,unknown,unknown,,active,owned,2026/05/27 0:00,,safe_time_missing,2026/05/27 0:00,one,0,medium,FALSE,FALSE,missing_owner_server;unknown_affiliation,1784,2026-05-31T14:21:08+09:00,
中央:中央-5-16,中央,中央-5-16,祭壇,unknown,774,774,TIKW,,unknown,unknown,unknown,,active,owned,2026/05/27 0:00,,safe_time_missing,2026/05/27 0:00,TIKW,0,medium,FALSE,FALSE,missing_owner_server;unknown_affiliation,1785,2026-05-31T14:21:08+09:00,
中央:中央-6-15,中央,中央-6-15,祭壇,unknown,724,724,JDX,534,alliance_directory,self,attack_allowed,manual,active,owned,2026/05/27 0:00,,safe_time_missing,2026/05/27 0:00,JDX,0,medium,FALSE,FALSE,,1786,2026-05-31T14:21:08+09:00,
中央:中央-7-5,中央,中央-7-5,祭壇,unknown,224,674,476H,476,ownership_current,enemy,attack_allowed,manual,active,owned,2026/05/27 0:00,,safe_time_missing,2026/05/27 0:00,476H,0,medium,TRUE,FALSE,,1787,2026-05-31T14:21:08+09:00,
中央:中央-7-7,中央,中央-7-7,祭壇,unknown,324,674,476Z,476,ownership_current,enemy,attack_allowed,manual,active,owned,2026/05/27 0:00,,safe_time_missing,2026/05/27 0:00,476Z,0,medium,TRUE,FALSE,,1788,2026-05-31T14:21:08+09:00,
中央:中央-8-17,中央,中央-8-17,祭壇,unknown,824,624,299,299,ownership_current,enemy,unknown,,active,owned,2026/05/27 0:00,,safe_time_missing,2026/05/27 0:00,299,0,medium,TRUE,FALSE,unknown_affiliation,1789,2026-05-31T14:21:08+09:00,
中央:中央-12-5,中央,中央-12-5,祭壇,unknown,224,424,WUG,,unknown,unknown,unknown,,active,owned,2026/05/26 23:55,,safe_time_missing,2026/05/26 23:55,WUG,0,medium,FALSE,FALSE,missing_owner_server;unknown_affiliation,1790,2026-05-31T14:21:08+09:00,
中央:中央-16-4,中央,中央-16-4,祭壇,unknown,174,224,JL2,,unknown,unknown,unknown,,active,owned,2026/05/26 23:55,,safe_time_missing,2026/05/26 23:55,JL2,0,medium,FALSE,FALSE,missing_owner_server;unknown_affiliation,1791,2026-05-31T14:21:08+09:00,
中央:中央-4-14,中央,中央-4-14,祭壇,unknown,674,824,xjR,,unknown,unknown,unknown,,active,owned,2026/05/26 23:48,,safe_time_missing,2026/05/26 23:48,xjR,0,medium,FALSE,FALSE,missing_owner_server;unknown_affiliation,1792,2026-05-31T14:21:08+09:00,
中央:中央-12-6,中央,中央-12-6,祭壇,unknown,274,424,2N7,511,alliance_directory,ally,attack_allowed,manual,active,owned,2026/05/26 23:38,,safe_time_missing,2026/05/26 23:38,2N7,0,medium,FALSE,FALSE,,1793,2026-05-31T14:21:08+09:00,
中央:中央-14-16,中央,中央-14-16,祭壇,unknown,774,324,TkTk,480,alliance_directory,enemy,attack_allowed,manual,active,owned,2026/05/26 23:38,,safe_time_missing,2026/05/26 23:38,TkTk,0,medium,TRUE,FALSE,,1794,2026-05-31T14:21:08+09:00,
中央:中央-14-4,中央,中央-14-4,祭壇,unknown,174,324,SHA,534,manual_override,self,attack_allowed,manual,active,owned,2026/05/26 23:38,,safe_time_missing,2026/05/26 23:38,SHA,0,medium,FALSE,FALSE,,1795,2026-05-31T14:21:08+09:00,
中央:中央-15-9,中央,中央-15-9,祭壇,unknown,424,274,fIrE,,unknown,unknown,unknown,,active,owned,2026/05/26 23:38,,safe_time_missing,2026/05/26 23:38,fIrE,0,medium,FALSE,FALSE,missing_owner_server;unknown_affiliation,1796,2026-05-31T14:21:08+09:00,
中央:中央-16-9,中央,中央-16-9,祭壇,unknown,424,224,BAJ,440,alliance_directory,ally,attack_allowed,manual,active,owned,2026/05/26 23:38,,safe_time_missing,2026/05/26 23:38,BAJ,0,medium,FALSE,FALSE,,1797,2026-05-31T14:21:08+09:00,
中央:中央-6-11,中央,中央-6-11,祭壇,unknown,524,724,KTVS,534,alliance_directory,self,attack_allowed,manual,active,owned,2026/05/26 23:38,,safe_time_missing,2026/05/26 23:38,KTVS,0,medium,FALSE,FALSE,,1798,2026-05-31T14:21:08+09:00,
中央:中央-6-5,中央,中央-6-5,祭壇,unknown,224,724,476Z,476,ownership_current,enemy,attack_allowed,manual,active,owned,2026/05/26 23:38,,safe_time_missing,2026/05/26 23:38,476Z,0,medium,TRUE,FALSE,,1799,2026-05-31T14:21:08+09:00,
中央:中央-8-5,中央,中央-8-5,祭壇,unknown,224,624,ALj,,unknown,unknown,unknown,,active,owned,2026/05/26 23:38,,safe_time_missing,2026/05/26 23:38,ALj,0,medium,FALSE,FALSE,missing_owner_server;unknown_affiliation,1800,2026-05-31T14:21:08+09:00,
中央:中央-8-6,中央,中央-8-6,祭壇,unknown,274,624,GcC,,unknown,unknown,unknown,,active,owned,2026/05/26 23:38,,safe_time_missing,2026/05/26 23:38,GcC,0,medium,FALSE,FALSE,missing_owner_server;unknown_affiliation,1801,2026-05-31T14:21:08+09:00,
中央:中央-15-16,中央,中央-15-16,祭壇,unknown,774,274,MtG,,unknown,unknown,unknown,,active,owned,2026/05/26 23:30,,safe_time_missing,2026/05/26 23:30,MtG,0,medium,FALSE,FALSE,missing_owner_server;unknown_affiliation,1802,2026-05-31T14:21:08+09:00,
中央:中央-15-6,中央,中央-15-6,祭壇,unknown,274,274,NBNH,,unknown,unknown,unknown,,active,owned,2026/05/26 23:30,,safe_time_missing,2026/05/26 23:30,NBNH,0,medium,FALSE,FALSE,missing_owner_server;unknown_affiliation,1803,2026-05-31T14:21:08+09:00,
中央:中央-17-10,中央,中央-17-10,祭壇,unknown,474,174,SsQ,509,alliance_alias,ally,attack_allowed,manual,active,owned,2026/05/26 23:30,,safe_time_missing,2026/05/26 23:30,SsQ,0,medium,FALSE,FALSE,,1804,2026-05-31T14:21:08+09:00,
中央:中央-9-17,中央,中央-9-17,祭壇,unknown,824,574,TIKW,,unknown,unknown,unknown,,active,owned,2026/05/26 23:30,,safe_time_missing,2026/05/26 23:30,TIKW,0,medium,FALSE,FALSE,missing_owner_server;unknown_affiliation,1805,2026-05-31T14:21:08+09:00,
中央:中央-10-6,中央,中央-10-6,祭壇,unknown,274,524,476T,476,ownership_current,enemy,attack_allowed,manual,active,owned,2026/05/26 23:24,,safe_time_missing,2026/05/26 23:24,476T,0,medium,TRUE,FALSE,,1806,2026-05-31T14:21:08+09:00,
中央:中央-11-5,中央,中央-11-5,祭壇,unknown,224,474,MOE,,unknown,unknown,unknown,,active,owned,2026/05/26 23:24,,safe_time_missing,2026/05/26 23:24,MOE,0,medium,FALSE,FALSE,missing_owner_server;unknown_affiliation,1807,2026-05-31T14:21:08+09:00,
中央:中央-13-15,中央,中央-13-15,祭壇,unknown,724,374,Digg,480,alliance_directory,enemy,attack_allowed,manual,active,owned,2026/05/26 23:24,,safe_time_missing,2026/05/26 23:24,Digg,0,medium,TRUE,FALSE,,1808,2026-05-31T14:21:08+09:00,
中央:中央-17-8,中央,中央-17-8,祭壇,unknown,374,174,JL0,,unknown,unknown,unknown,,active,owned,2026/05/26 23:24,,safe_time_missing,2026/05/26 23:24,JL0,0,medium,FALSE,FALSE,missing_owner_server;unknown_affiliation,1809,2026-05-31T14:21:08+09:00,
中央:中央-4-10,中央,中央-4-10,祭壇,unknown,474,824,476A,476,ownership_current,enemy,attack_allowed,manual,active,owned,2026/05/26 23:24,,safe_time_missing,2026/05/26 23:24,476A,0,medium,TRUE,FALSE,,1810,2026-05-31T14:21:08+09:00,
中央:中央-4-12,中央,中央-4-12,祭壇,unknown,574,824,KTVS,534,alliance_directory,self,attack_allowed,manual,active,owned,2026/05/26 23:24,,safe_time_missing,2026/05/26 23:24,KTVS,0,medium,FALSE,FALSE,,1811,2026-05-31T14:21:08+09:00,
中央:中央-5-10,中央,中央-5-10,祭壇,unknown,474,774,476A,476,ownership_current,enemy,attack_allowed,manual,active,owned,2026/05/26 23:24,,safe_time_missing,2026/05/26 23:24,476A,0,medium,TRUE,FALSE,,1812,2026-05-31T14:21:08+09:00,
中央:中央-6-16,中央,中央-6-16,祭壇,unknown,774,724,UMN,,unknown,unknown,unknown,,active,owned,2026/05/26 23:24,,safe_time_missing,2026/05/26 23:24,UMN,0,medium,FALSE,FALSE,missing_owner_server;unknown_affiliation,1813,2026-05-31T14:21:08+09:00,
中央:中央-6-4,中央,中央-6-4,祭壇,unknown,174,724,476Z,476,ownership_current,enemy,attack_allowed,manual,active,owned,2026/05/26 23:24,,safe_time_missing,2026/05/26 23:24,476Z,0,medium,TRUE,FALSE,,1814,2026-05-31T14:21:08+09:00,
中央:中央-6-6,中央,中央-6-6,祭壇,unknown,274,724,476M,476,ownership_current,enemy,attack_allowed,manual,active,owned,2026/05/26 23:24,,safe_time_missing,2026/05/26 23:24,476M,0,medium,TRUE,FALSE,,1815,2026-05-31T14:21:08+09:00,
中央:中央-7-4,中央,中央-7-4,祭壇,unknown,174,674,VEX,509,alliance_directory,ally,attack_allowed,manual,active,owned,2026/05/26 23:24,,safe_time_missing,2026/05/26 23:24,VEX,0,medium,FALSE,FALSE,,1816,2026-05-31T14:21:08+09:00,
中央:中央-8-4,中央,中央-8-4,祭壇,unknown,174,624,ALj,,unknown,unknown,unknown,,active,owned,2026/05/26 23:24,,safe_time_missing,2026/05/26 23:24,ALj,0,medium,FALSE,FALSE,missing_owner_server;unknown_affiliation,1817,2026-05-31T14:21:08+09:00,
中央:中央-10-15,中央,中央-10-15,祭壇,unknown,724,524,GX99,503,alliance_directory,enemy,attack_allowed,manual,active,owned,2026/05/26 23:20,,safe_time_missing,2026/05/26 23:20,GX99,0,medium,TRUE,FALSE,,1818,2026-05-31T14:21:08+09:00,
中央:中央-10-16,中央,中央-10-16,祭壇,unknown,774,524,Lghs,503,alliance_directory,enemy,attack_allowed,manual,active,owned,2026/05/26 23:20,,safe_time_missing,2026/05/26 23:20,Lghs,0,medium,TRUE,FALSE,,1819,2026-05-31T14:21:08+09:00,
中央:中央-10-17,中央,中央-10-17,祭壇,unknown,824,524,COZy,,unknown,unknown,unknown,,active,owned,2026/05/26 23:20,,safe_time_missing,2026/05/26 23:20,COZy,0,medium,FALSE,FALSE,missing_owner_server;unknown_affiliation,1820,2026-05-31T14:21:08+09:00,
中央:中央-10-4,中央,中央-10-4,祭壇,unknown,174,524,476T,476,ownership_current,enemy,attack_allowed,manual,active,owned,2026/05/26 23:20,,safe_time_missing,2026/05/26 23:20,476T,0,medium,TRUE,FALSE,,1821,2026-05-31T14:21:08+09:00,
中央:中央-10-5,中央,中央-10-5,祭壇,unknown,224,524,476T,476,ownership_current,enemy,attack_allowed,manual,active,owned,2026/05/26 23:20,,safe_time_missing,2026/05/26 23:20,476T,0,medium,TRUE,FALSE,,1822,2026-05-31T14:21:08+09:00,
中央:中央-11-16,中央,中央-11-16,祭壇,unknown,774,474,TkTk,480,alliance_directory,enemy,attack_allowed,manual,active,owned,2026/05/26 23:20,,safe_time_missing,2026/05/26 23:20,TkTk,0,medium,TRUE,FALSE,,1823,2026-05-31T14:21:08+09:00,
中央:中央-11-4,中央,中央-11-4,祭壇,unknown,174,474,SHA0,,unknown,unknown,unknown,,active,owned,2026/05/26 23:20,,safe_time_missing,2026/05/26 23:20,SHA0,0,medium,FALSE,FALSE,missing_owner_server;unknown_affiliation,1824,2026-05-31T14:21:08+09:00,
中央:中央-11-6,中央,中央-11-6,祭壇,unknown,274,474,2N7,511,alliance_directory,ally,attack_allowed,manual,active,owned,2026/05/26 23:20,,safe_time_missing,2026/05/26 23:20,2N7,0,medium,FALSE,FALSE,,1825,2026-05-31T14:21:08+09:00,
中央:中央-12-16,中央,中央-12-16,祭壇,unknown,774,424,BgNa,480,alliance_directory,enemy,attack_allowed,manual,active,owned,2026/05/26 23:20,,safe_time_missing,2026/05/26 23:20,BgNa,0,medium,TRUE,FALSE,,1826,2026-05-31T14:21:08+09:00,
中央:中央-12-17,中央,中央-12-17,祭壇,unknown,824,424,PmP,,unknown,unknown,unknown,,active,owned,2026/05/26 23:20,,safe_time_missing,2026/05/26 23:20,PmP,0,medium,FALSE,FALSE,missing_owner_server;unknown_affiliation,1827,2026-05-31T14:21:08+09:00,
中央:中央-12-4,中央,中央-12-4,祭壇,unknown,174,424,SHA0,,unknown,unknown,unknown,,active,owned,2026/05/26 23:20,,safe_time_missing,2026/05/26 23:20,SHA0,0,medium,FALSE,FALSE,missing_owner_server;unknown_affiliation,1828,2026-05-31T14:21:08+09:00,
中央:中央-13-16,中央,中央-13-16,祭壇,unknown,774,374,TkTk,480,alliance_directory,enemy,attack_allowed,manual,active,owned,2026/05/26 23:20,,safe_time_missing,2026/05/26 23:20,TkTk,0,medium,TRUE,FALSE,,1829,2026-05-31T14:21:08+09:00,
中央:中央-13-17,中央,中央-13-17,祭壇,unknown,824,374,AAOA,480,alliance_directory,enemy,attack_allowed,manual,active,owned,2026/05/26 23:20,,safe_time_missing,2026/05/26 23:20,AAOA,0,medium,TRUE,FALSE,,1830,2026-05-31T14:21:08+09:00,
中央:中央-13-4,中央,中央-13-4,祭壇,unknown,174,374,SHA0,,unknown,unknown,unknown,,active,owned,2026/05/26 23:20,,safe_time_missing,2026/05/26 23:20,SHA0,0,medium,FALSE,FALSE,missing_owner_server;unknown_affiliation,1831,2026-05-31T14:21:08+09:00,
中央:中央-13-5,中央,中央-13-5,祭壇,unknown,224,374,89M,534,alliance_directory,self,attack_allowed,manual,active,owned,2026/05/26 23:20,,safe_time_missing,2026/05/26 23:20,89M,0,medium,FALSE,FALSE,,1832,2026-05-31T14:21:08+09:00,
中央:中央-13-6,中央,中央-13-6,祭壇,unknown,274,374,89M,534,alliance_directory,self,attack_allowed,manual,active,owned,2026/05/26 23:20,,safe_time_missing,2026/05/26 23:20,89M,0,medium,FALSE,FALSE,,1833,2026-05-31T14:21:08+09:00,
中央:中央-14-14,中央,中央-14-14,祭壇,unknown,674,324,GoDs,440,alliance_alias,ally,attack_allowed,manual,active,owned,2026/05/26 23:20,,safe_time_missing,2026/05/26 23:20,GoDs,0,medium,FALSE,FALSE,,1834,2026-05-31T14:21:08+09:00,
中央:中央-14-15,中央,中央-14-15,祭壇,unknown,724,324,BgNa,480,alliance_directory,enemy,attack_allowed,manual,active,owned,2026/05/26 23:20,,safe_time_missing,2026/05/26 23:20,BgNa,0,medium,TRUE,FALSE,,1835,2026-05-31T14:21:08+09:00,
中央:中央-14-5,中央,中央-14-5,祭壇,unknown,224,324,MOE,,unknown,unknown,unknown,,active,owned,2026/05/26 23:20,,safe_time_missing,2026/05/26 23:20,MOE,0,medium,FALSE,FALSE,missing_owner_server;unknown_affiliation,1836,2026-05-31T14:21:08+09:00,
中央:中央-14-6,中央,中央-14-6,祭壇,unknown,274,324,MOE,,unknown,unknown,unknown,,active,owned,2026/05/26 23:20,,safe_time_missing,2026/05/26 23:20,MOE,0,medium,FALSE,FALSE,missing_owner_server;unknown_affiliation,1837,2026-05-31T14:21:08+09:00,
中央:中央-14-7,中央,中央-14-7,祭壇,unknown,324,324,fIrE,,unknown,unknown,unknown,,active,owned,2026/05/26 23:20,,safe_time_missing,2026/05/26 23:20,fIrE,0,medium,FALSE,FALSE,missing_owner_server;unknown_affiliation,1838,2026-05-31T14:21:08+09:00,
中央:中央-15-10,中央,中央-15-10,祭壇,unknown,474,274,JL0,,unknown,unknown,unknown,,active,owned,2026/05/26 23:20,,safe_time_missing,2026/05/26 23:20,JL0,0,medium,FALSE,FALSE,missing_owner_server;unknown_affiliation,1839,2026-05-31T14:21:08+09:00,
中央:中央-15-11,中央,中央-15-11,祭壇,unknown,524,274,BAJ,440,alliance_directory,ally,attack_allowed,manual,active,owned,2026/05/26 23:20,,safe_time_missing,2026/05/26 23:20,BAJ,0,medium,FALSE,FALSE,,1840,2026-05-31T14:21:08+09:00,
中央:中央-15-12,中央,中央-15-12,祭壇,unknown,574,274,GcC,,unknown,unknown,unknown,,active,owned,2026/05/26 23:20,,safe_time_missing,2026/05/26 23:20,GcC,0,medium,FALSE,FALSE,missing_owner_server;unknown_affiliation,1841,2026-05-31T14:21:08+09:00,
中央:中央-15-13,中央,中央-15-13,祭壇,unknown,624,274,BHE,,unknown,unknown,unknown,,active,owned,2026/05/26 23:20,,safe_time_missing,2026/05/26 23:20,BHE,0,medium,FALSE,FALSE,missing_owner_server;unknown_affiliation,1842,2026-05-31T14:21:08+09:00,
中央:中央-15-14,中央,中央-15-14,祭壇,unknown,674,274,MOn,,unknown,unknown,unknown,,active,owned,2026/05/26 23:20,,safe_time_missing,2026/05/26 23:20,MOn,0,medium,FALSE,FALSE,missing_owner_server;unknown_affiliation,1843,2026-05-31T14:21:08+09:00,
中央:中央-15-15,中央,中央-15-15,祭壇,unknown,724,274,RCON,480,alliance_directory,enemy,attack_allowed,manual,active,owned,2026/05/26 23:20,,safe_time_missing,2026/05/26 23:20,RCON,0,medium,TRUE,FALSE,,1844,2026-05-31T14:21:08+09:00,
中央:中央-15-17,中央,中央-15-17,祭壇,unknown,824,274,DaNG,511,alliance_directory,ally,attack_allowed,manual,active,owned,2026/05/26 23:20,,safe_time_missing,2026/05/26 23:20,DaNG,0,medium,FALSE,FALSE,,1845,2026-05-31T14:21:08+09:00,
中央:中央-15-7,中央,中央-15-7,祭壇,unknown,324,274,4tH,534,alliance_directory,self,attack_allowed,manual,active,owned,2026/05/26 23:20,,safe_time_missing,2026/05/26 23:20,4tH,0,medium,FALSE,FALSE,,1846,2026-05-31T14:21:08+09:00,
中央:中央-15-8,中央,中央-15-8,祭壇,unknown,374,274,nO9,534,manual_override,self,attack_allowed,manual,active,owned,2026/05/26 23:20,,safe_time_missing,2026/05/26 23:20,nO9,0,medium,FALSE,FALSE,,1847,2026-05-31T14:21:08+09:00,
中央:中央-16-10,中央,中央-16-10,祭壇,unknown,474,224,WUG,,unknown,unknown,unknown,,active,owned,2026/05/26 23:20,,safe_time_missing,2026/05/26 23:20,WUG,0,medium,FALSE,FALSE,missing_owner_server;unknown_affiliation,1848,2026-05-31T14:21:08+09:00,
中央:中央-16-11,中央,中央-16-11,祭壇,unknown,524,224,SsQ,509,alliance_alias,ally,attack_allowed,manual,active,owned,2026/05/26 23:20,,safe_time_missing,2026/05/26 23:20,SsQ,0,medium,FALSE,FALSE,,1849,2026-05-31T14:21:08+09:00,
中央:中央-16-12,中央,中央-16-12,祭壇,unknown,574,224,BAJ,440,alliance_directory,ally,attack_allowed,manual,active,owned,2026/05/26 23:20,,safe_time_missing,2026/05/26 23:20,BAJ,0,medium,FALSE,FALSE,,1850,2026-05-31T14:21:08+09:00,
中央:中央-16-13,中央,中央-16-13,祭壇,unknown,624,224,GcC,,unknown,unknown,unknown,,active,owned,2026/05/26 23:20,,safe_time_missing,2026/05/26 23:20,GcC,0,medium,FALSE,FALSE,missing_owner_server;unknown_affiliation,1851,2026-05-31T14:21:08+09:00,
中央:中央-16-14,中央,中央-16-14,祭壇,unknown,674,224,MOn,,unknown,unknown,unknown,,active,owned,2026/05/26 23:20,,safe_time_missing,2026/05/26 23:20,MOn,0,medium,FALSE,FALSE,missing_owner_server;unknown_affiliation,1852,2026-05-31T14:21:08+09:00,
中央:中央-16-15,中央,中央-16-15,祭壇,unknown,724,224,CDf8,,unknown,unknown,unknown,,active,owned,2026/05/26 23:20,,safe_time_missing,2026/05/26 23:20,CDf8,0,medium,FALSE,FALSE,missing_owner_server;unknown_affiliation,1853,2026-05-31T14:21:08+09:00,
中央:中央-16-17,中央,中央-16-17,祭壇,unknown,824,224,TrX,,unknown,unknown,unknown,,active,owned,2026/05/26 23:20,,safe_time_missing,2026/05/26 23:20,TrX,0,medium,FALSE,FALSE,missing_owner_server;unknown_affiliation,1854,2026-05-31T14:21:08+09:00,
中央:中央-16-6,中央,中央-16-6,祭壇,unknown,274,224,NBNH,,unknown,unknown,unknown,,active,owned,2026/05/26 23:20,,safe_time_missing,2026/05/26 23:20,NBNH,0,medium,FALSE,FALSE,missing_owner_server;unknown_affiliation,1855,2026-05-31T14:21:08+09:00,
中央:中央-16-7,中央,中央-16-7,祭壇,unknown,324,224,4tH,534,alliance_directory,self,attack_allowed,manual,active,owned,2026/05/26 23:20,,safe_time_missing,2026/05/26 23:20,4tH,0,medium,FALSE,FALSE,,1856,2026-05-31T14:21:08+09:00,
中央:中央-16-8,中央,中央-16-8,祭壇,unknown,374,224,nO9,534,manual_override,self,attack_allowed,manual,active,owned,2026/05/26 23:20,,safe_time_missing,2026/05/26 23:20,nO9,0,medium,FALSE,FALSE,,1857,2026-05-31T14:21:08+09:00,
中央:中央-17-11,中央,中央-17-11,祭壇,unknown,524,174,SsQ,509,alliance_alias,ally,attack_allowed,manual,active,owned,2026/05/26 23:20,,safe_time_missing,2026/05/26 23:20,SsQ,0,medium,FALSE,FALSE,,1858,2026-05-31T14:21:08+09:00,
中央:中央-17-12,中央,中央-17-12,祭壇,unknown,574,174,BHE,,unknown,unknown,unknown,,active,owned,2026/05/26 23:20,,safe_time_missing,2026/05/26 23:20,BHE,0,medium,FALSE,FALSE,missing_owner_server;unknown_affiliation,1859,2026-05-31T14:21:08+09:00,
中央:中央-17-13,中央,中央-17-13,祭壇,unknown,624,174,EDFS,,unknown,unknown,unknown,,active,owned,2026/05/26 23:20,,safe_time_missing,2026/05/26 23:20,EDFS,0,medium,FALSE,FALSE,missing_owner_server;unknown_affiliation,1860,2026-05-31T14:21:08+09:00,
中央:中央-17-14,中央,中央-17-14,祭壇,unknown,674,174,K4TR,,unknown,unknown,unknown,,active,owned,2026/05/26 23:20,,safe_time_missing,2026/05/26 23:20,K4TR,0,medium,FALSE,FALSE,missing_owner_server;unknown_affiliation,1861,2026-05-31T14:21:08+09:00,
中央:中央-17-15,中央,中央-17-15,祭壇,unknown,724,174,CDf8,,unknown,unknown,unknown,,active,owned,2026/05/26 23:20,,safe_time_missing,2026/05/26 23:20,CDf8,0,medium,FALSE,FALSE,missing_owner_server;unknown_affiliation,1862,2026-05-31T14:21:08+09:00,
中央:中央-17-16,中央,中央-17-16,祭壇,unknown,774,174,IMP,,unknown,unknown,unknown,,active,owned,2026/05/26 23:20,,safe_time_missing,2026/05/26 23:20,IMP,0,medium,FALSE,FALSE,missing_owner_server;unknown_affiliation,1863,2026-05-31T14:21:08+09:00,
中央:中央-17-6,中央,中央-17-6,祭壇,unknown,274,174,NBNH,,unknown,unknown,unknown,,active,owned,2026/05/26 23:20,,safe_time_missing,2026/05/26 23:20,NBNH,0,medium,FALSE,FALSE,missing_owner_server;unknown_affiliation,1864,2026-05-31T14:21:08+09:00,
中央:中央-17-7,中央,中央-17-7,祭壇,unknown,324,174,u3o,,unknown,unknown,unknown,,active,owned,2026/05/26 23:20,,safe_time_missing,2026/05/26 23:20,u3o,0,medium,FALSE,FALSE,missing_owner_server;unknown_affiliation,1865,2026-05-31T14:21:08+09:00,
中央:中央-17-9,中央,中央-17-9,祭壇,unknown,424,174,2N7,511,alliance_directory,ally,attack_allowed,manual,active,owned,2026/05/26 23:20,,safe_time_missing,2026/05/26 23:20,2N7,0,medium,FALSE,FALSE,,1866,2026-05-31T14:21:08+09:00,
中央:中央-4-11,中央,中央-4-11,祭壇,unknown,524,824,Lghs,503,alliance_directory,enemy,attack_allowed,manual,active,owned,2026/05/26 23:20,,safe_time_missing,2026/05/26 23:20,Lghs,0,medium,TRUE,FALSE,,1867,2026-05-31T14:21:08+09:00,
中央:中央-4-13,中央,中央-4-13,祭壇,unknown,624,824,Stj,,unknown,unknown,unknown,,active,owned,2026/05/26 23:20,,safe_time_missing,2026/05/26 23:20,Stj,0,medium,FALSE,FALSE,missing_owner_server;unknown_affiliation,1868,2026-05-31T14:21:08+09:00,
中央:中央-4-15,中央,中央-4-15,祭壇,unknown,724,824,fzn,503,alliance_directory,enemy,attack_allowed,manual,active,owned,2026/05/26 23:20,,safe_time_missing,2026/05/26 23:20,fzn,0,medium,TRUE,FALSE,,1869,2026-05-31T14:21:08+09:00,
中央:中央-4-16,中央,中央-4-16,祭壇,unknown,774,824,JDX,534,alliance_directory,self,attack_allowed,manual,active,owned,2026/05/26 23:20,,safe_time_missing,2026/05/26 23:20,JDX,0,medium,FALSE,FALSE,,1870,2026-05-31T14:21:08+09:00,
中央:中央-4-5,中央,中央-4-5,祭壇,unknown,224,824,476d,476,ownership_current,enemy,attack_allowed,manual,active,owned,2026/05/26 23:20,,safe_time_missing,2026/05/26 23:20,476d,0,medium,TRUE,FALSE,,1871,2026-05-31T14:21:08+09:00,
中央:中央-4-6,中央,中央-4-6,祭壇,unknown,274,824,476C,476,ownership_current,enemy,attack_allowed,manual,active,owned,2026/05/26 23:20,,safe_time_missing,2026/05/26 23:20,476C,0,medium,TRUE,FALSE,,1872,2026-05-31T14:21:08+09:00,
中央:中央-4-8,中央,中央-4-8,祭壇,unknown,374,824,476B,476,ownership_current,enemy,attack_allowed,manual,active,owned,2026/05/26 23:20,,safe_time_missing,2026/05/26 23:20,476B,0,medium,TRUE,FALSE,,1873,2026-05-31T14:21:08+09:00,
中央:中央-4-9,中央,中央-4-9,祭壇,unknown,424,824,476A,476,ownership_current,enemy,attack_allowed,manual,active,owned,2026/05/26 23:20,,safe_time_missing,2026/05/26 23:20,476A,0,medium,TRUE,FALSE,,1874,2026-05-31T14:21:08+09:00,
中央:中央-5-11,中央,中央-5-11,祭壇,unknown,524,774,Bye,,unknown,unknown,unknown,,active,owned,2026/05/26 23:20,,safe_time_missing,2026/05/26 23:20,Bye,0,medium,FALSE,FALSE,missing_owner_server;unknown_affiliation,1875,2026-05-31T14:21:08+09:00,
中央:中央-5-12,中央,中央-5-12,祭壇,unknown,574,774,Stj,,unknown,unknown,unknown,,active,owned,2026/05/26 23:20,,safe_time_missing,2026/05/26 23:20,Stj,0,medium,FALSE,FALSE,missing_owner_server;unknown_affiliation,1876,2026-05-31T14:21:08+09:00,
中央:中央-5-13,中央,中央-5-13,祭壇,unknown,624,774,SHA,534,manual_override,self,attack_allowed,manual,active,owned,2026/05/26 23:20,,safe_time_missing,2026/05/26 23:20,SHA,0,medium,FALSE,FALSE,,1877,2026-05-31T14:21:08+09:00,
中央:中央-5-14,中央,中央-5-14,祭壇,unknown,674,774,GX99,503,alliance_directory,enemy,attack_allowed,manual,active,owned,2026/05/26 23:20,,safe_time_missing,2026/05/26 23:20,GX99,0,medium,TRUE,FALSE,,1878,2026-05-31T14:21:08+09:00,
中央:中央-5-17,中央,中央-5-17,祭壇,unknown,824,774,Lghs,503,alliance_directory,enemy,attack_allowed,manual,active,owned,2026/05/26 23:20,,safe_time_missing,2026/05/26 23:20,Lghs,0,medium,TRUE,FALSE,,1879,2026-05-31T14:21:08+09:00,
中央:中央-5-4,中央,中央-5-4,祭壇,unknown,174,774,476M,476,ownership_current,enemy,attack_allowed,manual,active,owned,2026/05/26 23:20,,safe_time_missing,2026/05/26 23:20,476M,0,medium,TRUE,FALSE,,1880,2026-05-31T14:21:08+09:00,
中央:中央-5-5,中央,中央-5-5,祭壇,unknown,224,774,476M,476,ownership_current,enemy,attack_allowed,manual,active,owned,2026/05/26 23:20,,safe_time_missing,2026/05/26 23:20,476M,0,medium,TRUE,FALSE,,1881,2026-05-31T14:21:08+09:00,
中央:中央-5-6,中央,中央-5-6,祭壇,unknown,274,774,476d,476,ownership_current,enemy,attack_allowed,manual,active,owned,2026/05/26 23:20,,safe_time_missing,2026/05/26 23:20,476d,0,medium,TRUE,FALSE,,1882,2026-05-31T14:21:08+09:00,
中央:中央-5-7,中央,中央-5-7,祭壇,unknown,324,774,476C,476,ownership_current,enemy,attack_allowed,manual,active,owned,2026/05/26 23:20,,safe_time_missing,2026/05/26 23:20,476C,0,medium,TRUE,FALSE,,1883,2026-05-31T14:21:08+09:00,
中央:中央-5-8,中央,中央-5-8,祭壇,unknown,374,774,476X,476,ownership_current,enemy,attack_allowed,manual,active,owned,2026/05/26 23:20,,safe_time_missing,2026/05/26 23:20,476X,0,medium,TRUE,FALSE,,1884,2026-05-31T14:21:08+09:00,
中央:中央-5-9,中央,中央-5-9,祭壇,unknown,424,774,476B,476,ownership_current,enemy,attack_allowed,manual,active,owned,2026/05/26 23:20,,safe_time_missing,2026/05/26 23:20,476B,0,medium,TRUE,FALSE,,1885,2026-05-31T14:21:08+09:00,
中央:中央-6-10,中央,中央-6-10,祭壇,unknown,474,724,476B,476,ownership_current,enemy,attack_allowed,manual,active,owned,2026/05/26 23:20,,safe_time_missing,2026/05/26 23:20,476B,0,medium,TRUE,FALSE,,1886,2026-05-31T14:21:08+09:00,
中央:中央-6-12,中央,中央-6-12,祭壇,unknown,574,724,UMN,,unknown,unknown,unknown,,active,owned,2026/05/26 23:20,,safe_time_missing,2026/05/26 23:20,UMN,0,medium,FALSE,FALSE,missing_owner_server;unknown_affiliation,1887,2026-05-31T14:21:08+09:00,
中央:中央-6-13,中央,中央-6-13,祭壇,unknown,624,724,SHA,534,manual_override,self,attack_allowed,manual,active,owned,2026/05/26 23:20,,safe_time_missing,2026/05/26 23:20,SHA,0,medium,FALSE,FALSE,,1888,2026-05-31T14:21:08+09:00,
中央:中央-6-14,中央,中央-6-14,祭壇,unknown,674,724,fzn,503,alliance_directory,enemy,attack_allowed,manual,active,owned,2026/05/26 23:20,,safe_time_missing,2026/05/26 23:20,fzn,0,medium,TRUE,FALSE,,1889,2026-05-31T14:21:08+09:00,
中央:中央-6-17,中央,中央-6-17,祭壇,unknown,824,724,GX99,503,alliance_directory,enemy,attack_allowed,manual,active,owned,2026/05/26 23:20,,safe_time_missing,2026/05/26 23:20,GX99,0,medium,TRUE,FALSE,,1890,2026-05-31T14:21:08+09:00,
中央:中央-6-7,中央,中央-6-7,祭壇,unknown,324,724,476d,476,ownership_current,enemy,attack_allowed,manual,active,owned,2026/05/26 23:20,,safe_time_missing,2026/05/26 23:20,476d,0,medium,TRUE,FALSE,,1891,2026-05-31T14:21:08+09:00,
中央:中央-6-8,中央,中央-6-8,祭壇,unknown,374,724,476C,476,ownership_current,enemy,attack_allowed,manual,active,owned,2026/05/26 23:20,,safe_time_missing,2026/05/26 23:20,476C,0,medium,TRUE,FALSE,,1892,2026-05-31T14:21:08+09:00,
中央:中央-6-9,中央,中央-6-9,祭壇,unknown,424,724,476X,476,ownership_current,enemy,attack_allowed,manual,active,owned,2026/05/26 23:20,,safe_time_missing,2026/05/26 23:20,476X,0,medium,TRUE,FALSE,,1893,2026-05-31T14:21:08+09:00,
中央:中央-7-14,中央,中央-7-14,祭壇,unknown,674,674,TIKW,,unknown,unknown,unknown,,active,owned,2026/05/26 23:20,,safe_time_missing,2026/05/26 23:20,TIKW,0,medium,FALSE,FALSE,missing_owner_server;unknown_affiliation,1894,2026-05-31T14:21:08+09:00,
中央:中央-7-15,中央,中央-7-15,祭壇,unknown,724,674,FHX,509,alliance_directory,ally,attack_allowed,manual,active,owned,2026/05/26 23:20,,safe_time_missing,2026/05/26 23:20,FHX,0,medium,FALSE,FALSE,,1895,2026-05-31T14:21:08+09:00,
中央:中央-7-16,中央,中央-7-16,祭壇,unknown,774,674,FHX,509,alliance_directory,ally,attack_allowed,manual,active,owned,2026/05/26 23:20,,safe_time_missing,2026/05/26 23:20,FHX,0,medium,FALSE,FALSE,,1896,2026-05-31T14:21:08+09:00,
中央:中央-7-17,中央,中央-7-17,祭壇,unknown,824,674,one,,unknown,unknown,unknown,,active,owned,2026/05/26 23:20,,safe_time_missing,2026/05/26 23:20,one,0,medium,FALSE,FALSE,missing_owner_server;unknown_affiliation,1897,2026-05-31T14:21:08+09:00,
中央:中央-7-6,中央,中央-7-6,祭壇,unknown,274,674,476H,476,ownership_current,enemy,attack_allowed,manual,active,owned,2026/05/26 23:20,,safe_time_missing,2026/05/26 23:20,476H,0,medium,TRUE,FALSE,,1898,2026-05-31T14:21:08+09:00,
中央:中央-8-15,中央,中央-8-15,祭壇,unknown,724,624,Stj,,unknown,unknown,unknown,,active,owned,2026/05/26 23:20,,safe_time_missing,2026/05/26 23:20,Stj,0,medium,FALSE,FALSE,missing_owner_server;unknown_affiliation,1899,2026-05-31T14:21:08+09:00,
中央:中央-8-16,中央,中央-8-16,祭壇,unknown,774,624,Bye,,unknown,unknown,unknown,,active,owned,2026/05/26 23:20,,safe_time_missing,2026/05/26 23:20,Bye,0,medium,FALSE,FALSE,missing_owner_server;unknown_affiliation,1900,2026-05-31T14:21:08+09:00,
中央:中央-9-15,中央,中央-9-15,祭壇,unknown,724,574,xjR,,unknown,unknown,unknown,,active,owned,2026/05/26 23:20,,safe_time_missing,2026/05/26 23:20,xjR,0,medium,FALSE,FALSE,missing_owner_server;unknown_affiliation,1901,2026-05-31T14:21:08+09:00,
中央:中央-9-16,中央,中央-9-16,祭壇,unknown,774,574,xjR,,unknown,unknown,unknown,,active,owned,2026/05/26 23:20,,safe_time_missing,2026/05/26 23:20,xjR,0,medium,FALSE,FALSE,missing_owner_server;unknown_affiliation,1902,2026-05-31T14:21:08+09:00,
中央:中央-9-4,中央,中央-9-4,祭壇,unknown,174,574,476K,476,ownership_current,enemy,attack_allowed,manual,active,owned,2026/05/26 23:20,,safe_time_missing,2026/05/26 23:20,476K,0,medium,TRUE,FALSE,,1903,2026-05-31T14:21:08+09:00,
中央:中央-9-5,中央,中央-9-5,祭壇,unknown,224,574,476K,476,ownership_current,enemy,attack_allowed,manual,active,owned,2026/05/26 23:20,,safe_time_missing,2026/05/26 23:20,476K,0,medium,TRUE,FALSE,,1904,2026-05-31T14:21:08+09:00,
中央:中央-9-6,中央,中央-9-6,祭壇,unknown,274,574,476K,476,ownership_current,enemy,attack_allowed,manual,active,owned,2026/05/26 23:20,,safe_time_missing,2026/05/26 23:20,476K,0,medium,TRUE,FALSE,,1905,2026-05-31T14:21:08+09:00,
