image,image_path,screen_type,event_time,actor_server,actor_alliance,opponent_alliance,target_server,x,y,level,terrain,kind_raw,kind_sheet,action,owner_for_sheet,confidence,time_source,source_text
IMG_0552.PNG,/Users/mba2025/Library/CloudStorage/GoogleDrive-ktzkstsh@gmail.com/.tmp/2584/拠点取得スクショ/IMG_0552.PNG,timeline_chat,2026/05/24 09:08:44,,FHX,,#8061,874,874,7,,漁場,漁場,occupy,FHX,low,image_metadata_inferred,"連盟FHXがLV.7漁場 #8061(X:874,Y:874)を 占領"
IMG_0552.PNG,/Users/mba2025/Library/CloudStorage/GoogleDrive-ktzkstsh@gmail.com/.tmp/2584/拠点取得スクショ/IMG_0552.PNG,timeline_chat,2026/05/21 23:50:00,,Digg,,#480,978,799,1,,漁場,漁場,first_occupy,Digg,medium,visible_time,"連盟DiggがLV.1漁場 #480(X:978,Y:799)を 占領"
IMG_0552.PNG,/Users/mba2025/Library/CloudStorage/GoogleDrive-ktzkstsh@gmail.com/.tmp/2584/拠点取得スクショ/IMG_0552.PNG,timeline_chat,2026/05/24 00:18:00,,YDR,,#503,899,599,1,,漁場,漁場,occupy,YDR,medium,visible_time,"連盟YDRがLV.1漁場 #503(X:899,Y:599)を占 領"
IMG_0552.PNG,/Users/mba2025/Library/CloudStorage/GoogleDrive-ktzkstsh@gmail.com/.tmp/2584/拠点取得スクショ/IMG_0552.PNG,timeline_chat,2026/05/24 00:18:00,,ALj,,#8061,24,574,5,,漁場,漁場,occupy,ALj,medium,visible_time,"連盟ALjがLV.5漁場 #8061(X:24,Y:574)を占 領"
IMG_0553.PNG,/Users/mba2025/Library/CloudStorage/GoogleDrive-ktzkstsh@gmail.com/.tmp/2584/拠点取得スクショ/IMG_0553.PNG,timeline_chat,2026/05/24 00:30:00,,ALj,,#8061,24,574,5,,漁場,漁場,occupy,ALj,low,previous_image_visible_time,"連盟ALjがLV.5漁場 #8061(X:24,Y:574)を占 領"
IMG_0553.PNG,/Users/mba2025/Library/CloudStorage/GoogleDrive-ktzkstsh@gmail.com/.tmp/2584/拠点取得スクショ/IMG_0553.PNG,timeline_chat,2026/05/24 00:30:00,,GX99,,#503,99,299,1,,漁場,漁場,occupy,GX99,medium,visible_time,"連盟GX99がLV.1漁場 #503(X:99,Y:299)を占 領"
IMG_0553.PNG,/Users/mba2025/Library/CloudStorage/GoogleDrive-ktzkstsh@gmail.com/.tmp/2584/拠点取得スクショ/IMG_0553.PNG,timeline_chat,2026/05/24 00:47:00,,fIrE,,#476,899,20,1,,漁場,漁場,occupy,fIrE,medium,visible_time,"連盟fIrEがLV.1漁場 #476(X:899,Y:20)を占領"
IMG_0554.PNG,/Users/mba2025/Library/CloudStorage/GoogleDrive-ktzkstsh@gmail.com/.tmp/2584/拠点取得スクショ/IMG_0554.PNG,timeline_chat,2026/05/24 01:03:00,,fIrE,,#476,899,20,1,,漁場,漁場,occupy,fIrE,low,previous_image_visible_time,"連盟fIrEがLV.1漁場 #476(X:899,Y:20)を占領"
IMG_0554.PNG,/Users/mba2025/Library/CloudStorage/GoogleDrive-ktzkstsh@gmail.com/.tmp/2584/拠点取得スクショ/IMG_0554.PNG,timeline_chat,2026/05/24 01:03:00,,0TT,,#509,699,978,1,,漁場,漁場,occupy,0TT,medium,visible_time,"連盟OTTがLV.1漁場 #509(X:699,Y:978)を占 領"
IMG_0554.PNG,/Users/mba2025/Library/CloudStorage/GoogleDrive-ktzkstsh@gmail.com/.tmp/2584/拠点取得スクショ/IMG_0554.PNG,timeline_chat,2026/05/24 01:55:00,,VEX,,#8061,324,974,5,,漁場,漁場,occupy,VEX,medium,visible_time,"連盟VEXがLV.5漁場 #8061(X:324,Y:974)を 占領"
IMG_0554.PNG,/Users/mba2025/Library/CloudStorage/GoogleDrive-ktzkstsh@gmail.com/.tmp/2584/拠点取得スクショ/IMG_0554.PNG,timeline_chat,2026/05/24 03:07:00,,MOn,,#8061,824,974,5,,漁場,漁場,occupy,MOn,medium,visible_time,"連盟MOnがLV.5漁場 #8061(X:824,Y:974)を 占領"
IMG_0555.PNG,/Users/mba2025/Library/CloudStorage/GoogleDrive-ktzkstsh@gmail.com/.tmp/2584/拠点取得スクショ/IMG_0555.PNG,timeline_chat,2026/05/24 03:08:00,,MOn,,#8061,824,974,5,,漁場,漁場,occupy,MOn,low,previous_image_visible_time,"連盟MOnがLV.5漁場 #8061(X:824,Y:974)を 占領"
IMG_0555.PNG,/Users/mba2025/Library/CloudStorage/GoogleDrive-ktzkstsh@gmail.com/.tmp/2584/拠点取得スクショ/IMG_0555.PNG,timeline_chat,2026/05/24 03:08:00,,BHE,,#8061,774,974,5,,漁場,漁場,occupy,BHE,medium,visible_time,"連盟BHEがLV.5漁場 #8061(X:774,Y:974)を 占領"
IMG_0555.PNG,/Users/mba2025/Library/CloudStorage/GoogleDrive-ktzkstsh@gmail.com/.tmp/2584/拠点取得スクショ/IMG_0555.PNG,timeline_chat,2026/05/24 03:08:00,,YDR,,#503,978,699,1,,漁場,漁場,occupy,YDR,medium,visible_time,"連盟YDRがLV.1漁場 #503(X:978,Y:699)を占 領"
IMG_0555.PNG,/Users/mba2025/Library/CloudStorage/GoogleDrive-ktzkstsh@gmail.com/.tmp/2584/拠点取得スクショ/IMG_0555.PNG,timeline_chat,2026/05/24 03:08:00,,BHE,,#8061,824,924,6,,漁場,漁場,occupy,BHE,medium,visible_time,"連盟BHEがLV.6漁場 #8061(X:824,Y:924)を 占領"
IMG_0556.PNG,/Users/mba2025/Library/CloudStorage/GoogleDrive-ktzkstsh@gmail.com/.tmp/2584/拠点取得スクショ/IMG_0556.PNG,timeline_chat,2026/05/24 03:28:00,,MOn,,#8061,774,874,7,,漁場,漁場,occupy,MOn,low,previous_image_visible_time,"連盟MOnがLV.7漁場 #8061(X:774,Y:874)を 占領"
IMG_0556.PNG,/Users/mba2025/Library/CloudStorage/GoogleDrive-ktzkstsh@gmail.com/.tmp/2584/拠点取得スクショ/IMG_0556.PNG,timeline_chat,2026/05/24 03:28:00,,VEX,,#509,599,199,2,,漁場,漁場,occupy,VEX,medium,visible_time,"連盟VEXがLV.2漁場 #509(X:599,Y:199)を占 領"
IMG_0557.PNG,/Users/mba2025/Library/CloudStorage/GoogleDrive-ktzkstsh@gmail.com/.tmp/2584/拠点取得スクショ/IMG_0557.PNG,timeline_chat,2026/05/24 03:28:00,,476K,,#476,599,799,2,,漁場,漁場,occupy,476K,low,previous_image_visible_time,"連盟476KがLV.2漁場 #476(X:599,Y:799)を 占領"
IMG_0557.PNG,/Users/mba2025/Library/CloudStorage/GoogleDrive-ktzkstsh@gmail.com/.tmp/2584/拠点取得スクショ/IMG_0557.PNG,timeline_chat,2026/05/24 03:41:00,,CDf8,,#8061,924,24,5,,漁場,漁場,occupy,CDf8,medium,visible_time,"連盟CDf8がLV.5漁場 #8061(X:924,Y:24)を 占領"
IMG_0557.PNG,/Users/mba2025/Library/CloudStorage/GoogleDrive-ktzkstsh@gmail.com/.tmp/2584/拠点取得スクショ/IMG_0557.PNG,timeline_chat,2026/05/24 03:45:00,,EDFS,,#523,599,99,1,,漁場,漁場,occupy,EDFS,medium,visible_time,"連盟EDFSがLV.1漁場 #523(X:599,Y:99)を占 領"
IMG_0557.PNG,/Users/mba2025/Library/CloudStorage/GoogleDrive-ktzkstsh@gmail.com/.tmp/2584/拠点取得スクショ/IMG_0557.PNG,timeline_chat,2026/05/24 03:45:00,,476K,,#476,99,299,1,,漁場,漁場,occupy,476K,medium,visible_time,"連盟476KがLV.1漁場 #476(X:99,Y:299)を占 領"
IMG_0558.PNG,/Users/mba2025/Library/CloudStorage/GoogleDrive-ktzkstsh@gmail.com/.tmp/2584/拠点取得スクショ/IMG_0558.PNG,timeline_chat,2026/05/24 04:11:00,,5DU,,#523,799,199,2,,漁場,漁場,occupy,5DU,low,previous_image_visible_time,"連盟5DUがLV.2漁場 #523(X:799,Y:199)を占 領"
IMG_0558.PNG,/Users/mba2025/Library/CloudStorage/GoogleDrive-ktzkstsh@gmail.com/.tmp/2584/拠点取得スクショ/IMG_0558.PNG,timeline_chat,2026/05/24 04:11:00,,SsQ,,#509,399,399,4,,漁場,漁場,occupy,SsQ,medium,visible_time,"連盟SSQがLV.4漁場 #509(X:399,Y:399)を占 領"
IMG_0558.PNG,/Users/mba2025/Library/CloudStorage/GoogleDrive-ktzkstsh@gmail.com/.tmp/2584/拠点取得スクショ/IMG_0558.PNG,timeline_chat,2026/05/24 04:11:00,,SsQ,,#509,599,299,3,,漁場,漁場,occupy,SsQ,medium,visible_time,"連盟SSQがLV.3漁場 #509(X:599,Y:299)を占 領"
IMG_0559.PNG,/Users/mba2025/Library/CloudStorage/GoogleDrive-ktzkstsh@gmail.com/.tmp/2584/拠点取得スクショ/IMG_0559.PNG,timeline_chat,2026/05/24 04:34:00,,K4TR,,#523,899,399,1,,漁場,漁場,first_occupy,K4TR,low,previous_image_visible_time,"連盟K4TRがLV.1漁場 #523(X:899,Y:399)を 占領"
IMG_0559.PNG,/Users/mba2025/Library/CloudStorage/GoogleDrive-ktzkstsh@gmail.com/.tmp/2584/拠点取得スクショ/IMG_0559.PNG,timeline_chat,2026/05/24 04:34:00,,5DU,,#523,899,499,1,,漁場,漁場,occupy,5DU,medium,visible_time,"連盟5DUがLV.1漁場 #523(X:899,Y:499)を占 領"
IMG_0560.PNG,/Users/mba2025/Library/CloudStorage/GoogleDrive-ktzkstsh@gmail.com/.tmp/2584/拠点取得スクショ/IMG_0560.PNG,timeline_chat,2026/05/24 05:27:00,,R6q,,#476,799,299,2,,漁場,漁場,occupy,R6q,low,previous_image_visible_time,"連盟R6qがLV.2漁場 #476(X:799,Y:299)を占 領"
IMG_0560.PNG,/Users/mba2025/Library/CloudStorage/GoogleDrive-ktzkstsh@gmail.com/.tmp/2584/拠点取得スクショ/IMG_0560.PNG,timeline_chat,2026/05/24 05:27:00,,UrE,,#523,20,799,1,,漁場,漁場,occupy,UrE,medium,visible_time,"連盟UrEがLV.1漁場 #523(X:20,Y:799)を占領"
IMG_0560.PNG,/Users/mba2025/Library/CloudStorage/GoogleDrive-ktzkstsh@gmail.com/.tmp/2584/拠点取得スクショ/IMG_0560.PNG,timeline_chat,2026/05/24 05:51:00,,AoW,,#509,699,499,3,,漁場,漁場,occupy,AoW,medium,visible_time,"連盟AoWがLV.3漁場 #509(X:699,Y:499)を 占領"
IMG_0561.PNG,/Users/mba2025/Library/CloudStorage/GoogleDrive-ktzkstsh@gmail.com/.tmp/2584/拠点取得スクショ/IMG_0561.PNG,timeline_chat,2026/05/24 06:46:00,,ANH2,,#440,899,299,1,,漁場,漁場,occupy,ANH2,low,previous_image_visible_time,"連盟ANH2がLV.1漁場 #440(X:899,Y:299)を 占領"
IMG_0561.PNG,/Users/mba2025/Library/CloudStorage/GoogleDrive-ktzkstsh@gmail.com/.tmp/2584/拠点取得スクショ/IMG_0561.PNG,timeline_chat,2026/05/24 06:53:00,,OWM,,#509,699,399,3,,漁場,漁場,occupy,OWM,medium,visible_time,"連盟OWMがLV.3漁場 #509(X:699,Y:399)を 占領"
IMG_0562.PNG,/Users/mba2025/Library/CloudStorage/GoogleDrive-ktzkstsh@gmail.com/.tmp/2584/拠点取得スクショ/IMG_0562.PNG,timeline_chat,2026/05/24 07:38:00,,sbM,,#511,799,399,2,,漁場,漁場,occupy,sbM,low,previous_image_visible_time,"連盟sbMがLV.2漁場 #511(X:799,Y:399)を占 領"
IMG_0563.PNG,/Users/mba2025/Library/CloudStorage/GoogleDrive-ktzkstsh@gmail.com/.tmp/2584/拠点取得スクショ/IMG_0563.PNG,timeline_chat,2026/05/24 07:41:00,,AoW,,#509,699,299,3,,漁場,漁場,occupy,AoW,low,previous_image_visible_time,"連盟AoWがLV.3漁場 #509(X:699,Y:299)を 占領"
IMG_0563.PNG,/Users/mba2025/Library/CloudStorage/GoogleDrive-ktzkstsh@gmail.com/.tmp/2584/拠点取得スクショ/IMG_0563.PNG,timeline_chat,2026/05/24 07:41:00,,AAOA,,#8061,974,524,5,,漁場,漁場,occupy,AAOA,low,previous_image_visible_time,"連盟AAOAがLV.5漁場 #8061(X:974,Y:524) を占領"
IMG_0563.PNG,/Users/mba2025/Library/CloudStorage/GoogleDrive-ktzkstsh@gmail.com/.tmp/2584/拠点取得スクショ/IMG_0563.PNG,timeline_chat,2026/05/24 08:02:00,,476H,,#476,199,599,2,,漁場,漁場,occupy,476H,medium,visible_time,"連盟476HがLV.2漁場 #476(X:199,Y:599)を 占領"
IMG_0564.PNG,/Users/mba2025/Library/CloudStorage/GoogleDrive-ktzkstsh@gmail.com/.tmp/2584/拠点取得スクショ/IMG_0564.PNG,timeline_chat,2026/05/24 08:12:00,,AAOA,,#8061,924,474,6,,漁場,漁場,occupy,AAOA,low,previous_image_visible_time,"連盟AAOAがLV.6漁場 #8061(X:924,Y:474) を占領"
IMG_0564.PNG,/Users/mba2025/Library/CloudStorage/GoogleDrive-ktzkstsh@gmail.com/.tmp/2584/拠点取得スクショ/IMG_0564.PNG,timeline_chat,2026/05/24 08:43:00,,TrX,,#440,799,699,2,,漁場,漁場,occupy,TrX,medium,visible_time,"連盟TrXがLV.2漁場 #440(X:799,Y:699)を占 領"
IMG_0565.PNG,/Users/mba2025/Library/CloudStorage/GoogleDrive-ktzkstsh@gmail.com/.tmp/2584/拠点取得スクショ/IMG_0565.PNG,timeline_chat,2026/05/24 09:25:00,,BgNa,,#8061,974,124,5,,漁場,漁場,occupy,BgNa,low,previous_image_visible_time,"連盟BgNaがLV.5漁場 #8061(X:974,Y:124) を占領"
IMG_0565.PNG,/Users/mba2025/Library/CloudStorage/GoogleDrive-ktzkstsh@gmail.com/.tmp/2584/拠点取得スクショ/IMG_0565.PNG,timeline_chat,2026/05/24 09:25:00,,WbW,,#8061,924,74,6,,漁場,漁場,occupy,WbW,medium,visible_time,"連盟WbWがLV.6漁場 #8061(X:924,Y:74)を 占領"
IMG_0566.PNG,/Users/mba2025/Library/CloudStorage/GoogleDrive-ktzkstsh@gmail.com/.tmp/2584/拠点取得スクショ/IMG_0566.PNG,timeline_chat,2026/05/24 09:41:00,,BgNa,,#8061,874,24,5,,漁場,漁場,occupy,BgNa,medium,visible_time,"連盟BgNaがLV.5漁場 #8061(X:874,Y:24)を 占領"
IMG_0567.PNG,/Users/mba2025/Library/CloudStorage/GoogleDrive-ktzkstsh@gmail.com/.tmp/2584/拠点取得スクショ/IMG_0567.PNG,timeline_chat,2026/05/24 09:46:00,,WbW,,#8061,824,24,5,,漁場,漁場,occupy,WbW,low,previous_image_visible_time,"連盟WbWがLV.5漁場 #8061(X:824,Y:24)を 占領"
IMG_0567.PNG,/Users/mba2025/Library/CloudStorage/GoogleDrive-ktzkstsh@gmail.com/.tmp/2584/拠点取得スクショ/IMG_0567.PNG,timeline_chat,2026/05/24 09:46:00,,JL2,,#8061,324,124,7,,漁場,漁場,occupy,JL2,low,previous_image_visible_time,"連盟L2がLV.7漁場 #8061(X:324,Y:124)を占 領"
IMG_0567.PNG,/Users/mba2025/Library/CloudStorage/GoogleDrive-ktzkstsh@gmail.com/.tmp/2584/拠点取得スクショ/IMG_0567.PNG,timeline_chat,2026/05/23 10:09:00,,2N7,,#8061,274,124,7,,漁場,漁場,occupy,2N7,medium,visible_time,"連盟2N7がLV.7漁場 #8061(X:274,Y:124)を 占領"
IMG_0567.PNG,/Users/mba2025/Library/CloudStorage/GoogleDrive-ktzkstsh@gmail.com/.tmp/2584/拠点取得スクショ/IMG_0567.PNG,timeline_chat,2026/05/23 10:23:00,,JL2,,#8061,374,74,6,,漁場,漁場,occupy,JL2,medium,visible_time,"連盟L2がLV.6漁場 #8061(X:374,Y:74)を占 領"
IMG_0568.PNG,/Users/mba2025/Library/CloudStorage/GoogleDrive-ktzkstsh@gmail.com/.tmp/2584/拠点取得スクショ/IMG_0568.PNG,timeline_chat,2026/05/23 10:41:00,,BgNa,,#8061,774,24,5,,漁場,漁場,occupy,BgNa,low,previous_image_visible_time,"連盟BgNaがLV.5漁場 #8061(X:774,Y:24)を 占領"
IMG_0568.PNG,/Users/mba2025/Library/CloudStorage/GoogleDrive-ktzkstsh@gmail.com/.tmp/2584/拠点取得スクショ/IMG_0568.PNG,timeline_chat,2026/05/23 11:08:00,,2N7,,#8061,224,124,7,,漁場,漁場,occupy,2N7,medium,visible_time,"連盟2N7がLV.7漁場 #8061(X:224,Y:124)を 占領"
IMG_0568.PNG,/Users/mba2025/Library/CloudStorage/GoogleDrive-ktzkstsh@gmail.com/.tmp/2584/拠点取得スクショ/IMG_0568.PNG,timeline_chat,2026/05/23 11:11:00,,WbW,,#511,699,978,1,,漁場,漁場,occupy,WbW,medium,visible_time,"連盟WbWがLV.1漁場 #511(X:699,Y:978)を 占領"
IMG_0569.PNG,/Users/mba2025/Library/CloudStorage/GoogleDrive-ktzkstsh@gmail.com/.tmp/2584/拠点取得スクショ/IMG_0569.PNG,timeline_chat,2026/05/23 11:23:00,,DaNG,,#511,699,799,2,,漁場,漁場,first_occupy,DaNG,medium,visible_time,"連盟DaNGがLV.2漁場 #511(X:699,Y:799)を 占領"
IMG_0569.PNG,/Users/mba2025/Library/CloudStorage/GoogleDrive-ktzkstsh@gmail.com/.tmp/2584/拠点取得スクショ/IMG_0569.PNG,timeline_chat,2026/05/23 11:23:00,,JL0,,#8061,374,124,7,,漁場,漁場,occupy,JL0,medium,visible_time,"連盟LOがLV.7漁場 #8061(X:374,Y:124)を占 領"
IMG_0569.PNG,/Users/mba2025/Library/CloudStorage/GoogleDrive-ktzkstsh@gmail.com/.tmp/2584/拠点取得スクショ/IMG_0569.PNG,timeline_chat,2026/05/23 11:23:00,,SVh,,#511,199,99,1,,漁場,漁場,first_occupy,SVh,medium,visible_time,"連盟SVhがLV.1漁場 #511(X:199,Y:99)を占 領"
IMG_0570.PNG,/Users/mba2025/Library/CloudStorage/GoogleDrive-ktzkstsh@gmail.com/.tmp/2584/拠点取得スクショ/IMG_0570.PNG,timeline_chat,2026/05/23 11:40:00,,WbW,,#8061,724,74,6,,漁場,漁場,occupy,WbW,low,previous_image_visible_time,"連盟WbWがLV.6漁場 #8061(X:724,Y:74)を 占領"
IMG_0570.PNG,/Users/mba2025/Library/CloudStorage/GoogleDrive-ktzkstsh@gmail.com/.tmp/2584/拠点取得スクショ/IMG_0570.PNG,timeline_chat,2026/05/23 11:40:00,,JL0,,#8061,174,174,7,,漁場,漁場,occupy,JL0,medium,visible_time,"連盟JLOがLV.7漁場 #8061(X:174,Y:174)を占 領"
IMG_0570.PNG,/Users/mba2025/Library/CloudStorage/GoogleDrive-ktzkstsh@gmail.com/.tmp/2584/拠点取得スクショ/IMG_0570.PNG,timeline_chat,2026/05/23 11:42:00,,GcC,,#8061,924,424,6,,漁場,漁場,occupy,GcC,medium,visible_time,"連盟GcCがLV.6漁場 #8061(X:924,Y:424)を 占領"
IMG_0571.PNG,/Users/mba2025/Library/CloudStorage/GoogleDrive-ktzkstsh@gmail.com/.tmp/2584/拠点取得スクショ/IMG_0571.PNG,timeline_chat,2026/05/23 12:12:00,,FarM,,#503,299,899,1,,漁場,漁場,occupy,FarM,low,previous_image_visible_time,"連盟FarMがLV.1漁場 #503(X:299,Y:899)を 占領"
IMG_0571.PNG,/Users/mba2025/Library/CloudStorage/GoogleDrive-ktzkstsh@gmail.com/.tmp/2584/拠点取得スクショ/IMG_0571.PNG,timeline_chat,2026/05/23 12:24:00,,SVa,,#8061,674,124,7,,漁場,漁場,occupy,SVa,medium,visible_time,"連盟SVaがLV.7漁場 #8061(X:674,Y:124)を 占領"
IMG_0574.PNG,/Users/mba2025/Library/CloudStorage/GoogleDrive-ktzkstsh@gmail.com/.tmp/2584/拠点取得スクショ/IMG_0574.PNG,timeline_chat,2026/05/23 12:32:00,,JL2,,#511,99,699,1,,漁場,漁場,occupy,JL2,low,previous_image_visible_time,"連盟L2がLV.1漁場 #511(X:99,Y:699 )を占領"
IMG_0574.PNG,/Users/mba2025/Library/CloudStorage/GoogleDrive-ktzkstsh@gmail.com/.tmp/2584/拠点取得スクショ/IMG_0574.PNG,timeline_chat,2026/05/22 12:35:00,,FarM,,#503,399,899,1,,漁場,漁場,first_occupy,FarM,medium,visible_time,"連盟FarMがLV.1漁場 #503(X:399,Y:899)を 占領"
IMG_0575.PNG,/Users/mba2025/Library/CloudStorage/GoogleDrive-ktzkstsh@gmail.com/.tmp/2584/拠点取得スクショ/IMG_0575.PNG,timeline_chat,2026/05/22 15:10:00,,476X,,#8061,124,174,7,,漁場,漁場,occupy,476X,low,previous_image_visible_time,"連盟476XがLV.7漁場 #8061(X:124,Y:174)を 占領"
IMG_0575.PNG,/Users/mba2025/Library/CloudStorage/GoogleDrive-ktzkstsh@gmail.com/.tmp/2584/拠点取得スクショ/IMG_0575.PNG,timeline_chat,2026/05/22 15:10:00,,OWM,,#509,799,299,2,,漁場,漁場,occupy,OWM,medium,visible_time,"連盟OWMがLV.2漁場 #509(X:799,Y:299)を 占領"
IMG_0575.PNG,/Users/mba2025/Library/CloudStorage/GoogleDrive-ktzkstsh@gmail.com/.tmp/2584/拠点取得スクショ/IMG_0575.PNG,timeline_chat,2026/05/22 15:19:00,,tWD,,#509,99,299,1,,漁場,漁場,occupy,tWD,medium,visible_time,"連盟tWDがLV.1漁場 #509(X:99,Y:299)を占 領"
IMG_0575.PNG,/Users/mba2025/Library/CloudStorage/GoogleDrive-ktzkstsh@gmail.com/.tmp/2584/拠点取得スクショ/IMG_0575.PNG,timeline_chat,2026/05/22 15:35:00,,476M,,#8061,124,224,7,,漁場,漁場,occupy,476M,medium,visible_time,"連盟476MがLV.7漁場 #8061(X:124,Y:224) を占領"
IMG_0576.PNG,/Users/mba2025/Library/CloudStorage/GoogleDrive-ktzkstsh@gmail.com/.tmp/2584/拠点取得スクショ/IMG_0576.PNG,timeline_chat,2026/05/22 16:20:00,,IMP,,#440,20,399,1,,漁場,漁場,occupy,IMP,medium,visible_time,"連盟IMpがLV.1漁場 #440(X:20,Y:399)を占 領"
IMG_0577.PNG,/Users/mba2025/Library/CloudStorage/GoogleDrive-ktzkstsh@gmail.com/.tmp/2584/拠点取得スクショ/IMG_0577.PNG,timeline_chat,2026/05/22 16:44:00,,TrX,,#440,99,499,1,,漁場,漁場,occupy,TrX,low,previous_image_visible_time,"連盟TrXがLV.1漁場 #440(X:99,Y:499)を占領"
IMG_0577.PNG,/Users/mba2025/Library/CloudStorage/GoogleDrive-ktzkstsh@gmail.com/.tmp/2584/拠点取得スクショ/IMG_0577.PNG,timeline_chat,2026/05/22 16:53:00,,476M,,#8061,224,74,6,,漁場,漁場,occupy,476M,medium,visible_time,"連盟476MがLV.6漁場 #8061(X:224,Y:74)を 占領"
IMG_0578.PNG,/Users/mba2025/Library/CloudStorage/GoogleDrive-ktzkstsh@gmail.com/.tmp/2584/拠点取得スクショ/IMG_0578.PNG,timeline_chat,2026/05/22 17:46:00,,fIrE,,#8061,74,74,6,,漁場,漁場,occupy,fIrE,low,previous_image_visible_time,"連盟fIrEがLV.6漁場 #8061(X:74,Y:74)を占領"
IMG_0578.PNG,/Users/mba2025/Library/CloudStorage/GoogleDrive-ktzkstsh@gmail.com/.tmp/2584/拠点取得スクショ/IMG_0578.PNG,timeline_chat,2026/05/22 18:09:00,,WUG,,#8061,74,124,6,,漁場,漁場,occupy,WUG,medium,visible_time,"連盟WUGがLV.6漁場 #8061(X:74,Y:124)を 占領"
IMG_0578.PNG,/Users/mba2025/Library/CloudStorage/GoogleDrive-ktzkstsh@gmail.com/.tmp/2584/拠点取得スクショ/IMG_0578.PNG,timeline_chat,2026/05/22 18:18:00,,fIrE,,#8061,74,174,6,,漁場,漁場,occupy,fIrE,medium,visible_time,"連盟fIrEがLV.6漁場 #8061(X:74,Y:174)を占 領"
IMG_0579.PNG,/Users/mba2025/Library/CloudStorage/GoogleDrive-ktzkstsh@gmail.com/.tmp/2584/拠点取得スクショ/IMG_0579.PNG,timeline_chat,2026/05/22 18:36:00,,WUG,,#8061,74,224,6,,漁場,漁場,occupy,WUG,low,previous_image_visible_time,"連盟WUGがLV.6漁場 #8061(X:74,Y:224)を 占領"
IMG_0579.PNG,/Users/mba2025/Library/CloudStorage/GoogleDrive-ktzkstsh@gmail.com/.tmp/2584/拠点取得スクショ/IMG_0579.PNG,timeline_chat,2026/05/22 18:36:00,,TrX,,#440,20,299,1,,漁場,漁場,occupy,TrX,medium,visible_time,"連盟TrXがLV.1漁場 #440(X:20,Y:299)を占領"
IMG_0579.PNG,/Users/mba2025/Library/CloudStorage/GoogleDrive-ktzkstsh@gmail.com/.tmp/2584/拠点取得スクショ/IMG_0579.PNG,timeline_chat,2026/05/22 18:36:00,,R6q,,#476,699,299,3,,漁場,漁場,occupy,R6q,medium,visible_time,"連盟R6qがLV.3漁場 #476(X:699,Y:299)を占 領"
IMG_0579.PNG,/Users/mba2025/Library/CloudStorage/GoogleDrive-ktzkstsh@gmail.com/.tmp/2584/拠点取得スクショ/IMG_0579.PNG,timeline_chat,2026/05/22 18:36:00,,NBNH,,#8061,124,124,7,,漁場,漁場,occupy,NBNH,medium,visible_time,"連盟NBNHがLV.7漁場 #8061(X:124,Y:124) を占領"
IMG_0580.PNG,/Users/mba2025/Library/CloudStorage/GoogleDrive-ktzkstsh@gmail.com/.tmp/2584/拠点取得スクショ/IMG_0580.PNG,timeline_chat,2026/05/22 19:08:00,,NBNH,,#8061,124,124,7,,漁場,漁場,occupy,NBNH,low,previous_image_visible_time,"連盟NBNHがLV.7漁場 #8061(X:124,Y:124) を占領"
IMG_0580.PNG,/Users/mba2025/Library/CloudStorage/GoogleDrive-ktzkstsh@gmail.com/.tmp/2584/拠点取得スクショ/IMG_0580.PNG,timeline_chat,2026/05/22 19:08:00,,R6q,,#476,799,199,2,,漁場,漁場,occupy,R6q,medium,visible_time,"連盟R6qがLV.2漁場 #476(X:799,Y:199)を占 領"
IMG_0581.PNG,/Users/mba2025/Library/CloudStorage/GoogleDrive-ktzkstsh@gmail.com/.tmp/2584/拠点取得スクショ/IMG_0581.PNG,timeline_chat,2026/05/22 19:26:00,,sbM,,#511,699,499,3,,漁場,漁場,occupy,sbM,low,previous_image_visible_time,"連盟sbMがLV.3漁場 #511(X:699,Y:499)を占 領"
IMG_0581.PNG,/Users/mba2025/Library/CloudStorage/GoogleDrive-ktzkstsh@gmail.com/.tmp/2584/拠点取得スクショ/IMG_0581.PNG,timeline_chat,2026/05/22 20:18:00,,KTVS,,#534,699,599,3,,漁場,漁場,occupy,KTVS,medium,visible_time,"連盟KTVSがLV.3漁場 #534(X:699,Y:599)を 占領"
IMG_0581.PNG,/Users/mba2025/Library/CloudStorage/GoogleDrive-ktzkstsh@gmail.com/.tmp/2584/拠点取得スクショ/IMG_0581.PNG,timeline_chat,2026/05/22 20:18:00,,299,,#503,699,299,3,,漁場,漁場,occupy,299,medium,visible_time,"連盟299がLV.3漁場 #503(X:699,Y:299)を占 領"
IMG_0581.PNG,/Users/mba2025/Library/CloudStorage/GoogleDrive-ktzkstsh@gmail.com/.tmp/2584/拠点取得スクショ/IMG_0581.PNG,timeline_chat,2026/05/22 20:46:00,,GX99,,#480,199,978,1,,漁場,漁場,occupy,GX99,medium,visible_time,"連盟GX99がLV.1漁場 #480(X:199,Y:978)を 占領"
IMG_0582.PNG,/Users/mba2025/Library/CloudStorage/GoogleDrive-ktzkstsh@gmail.com/.tmp/2584/拠点取得スクショ/IMG_0582.PNG,timeline_chat,2026/05/22 20:46:00,,299,,#503,699,299,3,,漁場,漁場,occupy,299,low,previous_image_visible_time,"連盟299がLV.3漁場 #503(X:699,Y:299)を占 領"
IMG_0582.PNG,/Users/mba2025/Library/CloudStorage/GoogleDrive-ktzkstsh@gmail.com/.tmp/2584/拠点取得スクショ/IMG_0582.PNG,timeline_chat,2026/05/22 20:46:00,,GX99,,#480,199,978,1,,漁場,漁場,occupy,GX99,medium,visible_time,"連盟GX99がLV.1漁場 #480(X:199,Y:978)を 占領"
IMG_0582.PNG,/Users/mba2025/Library/CloudStorage/GoogleDrive-ktzkstsh@gmail.com/.tmp/2584/拠点取得スクショ/IMG_0582.PNG,timeline_chat,2026/05/22 20:46:00,,f4j,,#534,499,978,1,,漁場,漁場,occupy,f4j,medium,visible_time,"連盟f4jがLV.1漁場 #534(X:499,Y:978)を占 領"
IMG_0582.PNG,/Users/mba2025/Library/CloudStorage/GoogleDrive-ktzkstsh@gmail.com/.tmp/2584/拠点取得スクショ/IMG_0582.PNG,timeline_chat,2026/05/22 20:46:00,,GX99,,#480,299,978,1,,漁場,漁場,occupy,GX99,medium,visible_time,"連盟GX99がLV.1漁場 #480(X:299,Y:978)を 占領"
IMG_0583.PNG,/Users/mba2025/Library/CloudStorage/GoogleDrive-ktzkstsh@gmail.com/.tmp/2584/拠点取得スクショ/IMG_0583.PNG,timeline_chat,2026/05/22 21:12:00,,FHX,,#8061,874,924,6,,漁場,漁場,occupy,FHX,low,previous_image_visible_time,"連盟FHXがLV.6漁場 #8061(X:874,Y:924)を 占領"
IMG_0583.PNG,/Users/mba2025/Library/CloudStorage/GoogleDrive-ktzkstsh@gmail.com/.tmp/2584/拠点取得スクショ/IMG_0583.PNG,timeline_chat,2026/05/22 21:12:00,,FHX,,#509,599,399,4,,漁場,漁場,occupy,FHX,medium,visible_time,"連盟FHXがLV.4漁場 #509(X:599,Y:399)を占 領"
IMG_0583.PNG,/Users/mba2025/Library/CloudStorage/GoogleDrive-ktzkstsh@gmail.com/.tmp/2584/拠点取得スクショ/IMG_0583.PNG,timeline_chat,2026/05/22 21:12:00,,sbM,,#511,699,599,3,,漁場,漁場,occupy,sbM,medium,visible_time,"連盟sbMがLV.3漁場 #511(X:699,Y:599)を占 領"
IMG_0583.PNG,/Users/mba2025/Library/CloudStorage/GoogleDrive-ktzkstsh@gmail.com/.tmp/2584/拠点取得スクショ/IMG_0583.PNG,timeline_chat,2026/05/22 21:12:00,,4tH,,#534,399,499,4,,漁場,漁場,occupy,4tH,medium,visible_time,"連盟4tHがLV.4漁場 #534(X:399,Y:499)を占 領"
IMG_0584.PNG,/Users/mba2025/Library/CloudStorage/GoogleDrive-ktzkstsh@gmail.com/.tmp/2584/拠点取得スクショ/IMG_0584.PNG,timeline_chat,2026/05/22 21:44:00,,GoDs,,#440,499,399,4,,漁場,漁場,occupy,GoDs,medium,visible_time,"連盟GODsがLV.4漁場 #440(X:499,Y:399)を 占領"
IMG_0584.PNG,/Users/mba2025/Library/CloudStorage/GoogleDrive-ktzkstsh@gmail.com/.tmp/2584/拠点取得スクショ/IMG_0584.PNG,timeline_chat,2026/05/22 21:44:00,,TkTk,,#480,199,599,2,,漁場,漁場,occupy,TkTk,medium,visible_time,"連盟TKTkがLV.2漁場 #480(X:199,Y:599)を 占領"
IMG_0584.PNG,/Users/mba2025/Library/CloudStorage/GoogleDrive-ktzkstsh@gmail.com/.tmp/2584/拠点取得スクショ/IMG_0584.PNG,timeline_chat,2026/05/22 22:10:00,,476C,,#8061,174,824,7,,漁場,漁場,occupy,476C,medium,visible_time,"連盟476CがLV.7漁場 #8061(X:174,Y:824)を 占領"
IMG_0585.PNG,/Users/mba2025/Library/CloudStorage/GoogleDrive-ktzkstsh@gmail.com/.tmp/2584/拠点取得スクショ/IMG_0585.PNG,timeline_chat,2026/05/22 22:26:00,,476C,,#8061,174,824,7,,漁場,漁場,occupy,476C,low,previous_image_visible_time,"連盟476CがLV.7漁場 #8061(X:174,Y:824)を 占領"
IMG_0585.PNG,/Users/mba2025/Library/CloudStorage/GoogleDrive-ktzkstsh@gmail.com/.tmp/2584/拠点取得スクショ/IMG_0585.PNG,timeline_chat,2026/05/22 22:26:00,,476C,,#8061,124,874,7,,漁場,漁場,occupy,476C,medium,visible_time,"連盟476CがLV.7漁場 #8061(X:124,Y:874)を 占領"
IMG_0586.PNG,/Users/mba2025/Library/CloudStorage/GoogleDrive-ktzkstsh@gmail.com/.tmp/2584/拠点取得スクショ/IMG_0586.PNG,timeline_chat,2026/05/22 23:15:00,,Stj,JL0,#511,49,349,3,,交易地,交易地,steal,Stj,medium,visible_time,"連盟Stjは連盟JLOのLV.3交易地 #511(X:49,Y:349)を奪い"
IMG_0587.PNG,/Users/mba2025/Library/CloudStorage/GoogleDrive-ktzkstsh@gmail.com/.tmp/2584/拠点取得スクショ/IMG_0587.PNG,timeline_chat,2026/05/22 23:15:00,,476A,476A,#476,549,949,4,,交易地,交易地,steal,476A,low,previous_image_visible_time,"連盟476Aは連盟476AのLV.4交易地 #476(X:549,Y:949)を奪い"
IMG_0587.PNG,/Users/mba2025/Library/CloudStorage/GoogleDrive-ktzkstsh@gmail.com/.tmp/2584/拠点取得スクショ/IMG_0587.PNG,timeline_chat,2026/05/22 23:15:00,,GcC,AAOA,#480,449,49,4,,交易地,交易地,steal,GcC,low,previous_image_visible_time,"連盟GcCは連盟AAOAのLV.4交易地 #480(X:449,Y:49)を奪い"
IMG_0587.PNG,/Users/mba2025/Library/CloudStorage/GoogleDrive-ktzkstsh@gmail.com/.tmp/2584/拠点取得スクショ/IMG_0587.PNG,timeline_chat,2026/05/22 23:15:00,,TIKW,Lghs,#503,49,849,1,,交易地,交易地,steal,TIKW,low,previous_image_visible_time,"連盟TIKWは連盟LghsのLV.1交易地 #503(X:49,Y:849)を奪い"
IMG_0588.PNG,/Users/mba2025/Library/CloudStorage/GoogleDrive-ktzkstsh@gmail.com/.tmp/2584/拠点取得スクショ/IMG_0588.PNG,timeline_chat,2026/05/22 23:15:00,,one,Lghs,#503,49,449,4,,交易地,交易地,steal,one,low,previous_image_visible_time,"連盟oneは連盟LghsのLV.4交易地 #503(X:49,Y:449)を奪い"
IMG_0588.PNG,/Users/mba2025/Library/CloudStorage/GoogleDrive-ktzkstsh@gmail.com/.tmp/2584/拠点取得スクショ/IMG_0588.PNG,timeline_chat,2026/05/22 23:15:00,,TaW,BAJ,#440,949,949,1,,交易地,交易地,steal,TaW,low,previous_image_visible_time,"連盟TaWは連盟BAJのLV.1交易地 #440(X:949,Y:949) を奪い"
IMG_0589.PNG,/Users/mba2025/Library/CloudStorage/GoogleDrive-ktzkstsh@gmail.com/.tmp/2584/拠点取得スクショ/IMG_0589.PNG,timeline_chat,2026/05/22 23:15:00,,476B,FHX,#509,949,549,4,,交易地,交易地,steal,476B,low,previous_image_visible_time,"連盟476Bは連盟FHXのLV.4交易地 #509(X:949,Y:549)を奪い"
IMG_0589.PNG,/Users/mba2025/Library/CloudStorage/GoogleDrive-ktzkstsh@gmail.com/.tmp/2584/拠点取得スクショ/IMG_0589.PNG,timeline_chat,2026/05/22 23:15:00,,476C,476C,#476,249,949,2,,交易地,交易地,steal,476C,low,previous_image_visible_time,"連盟476Cは連盟476CのLV.2交易地 #476(X:249,Y:949)を奪い"
IMG_0589.PNG,/Users/mba2025/Library/CloudStorage/GoogleDrive-ktzkstsh@gmail.com/.tmp/2584/拠点取得スクショ/IMG_0589.PNG,timeline_chat,2026/05/22 23:15:00,,476A,BAJ,#440,49,949,1,,交易地,交易地,steal,476A,low,previous_image_visible_time,"連盟476Aは連盟BAのLV.1交易地 #440(X:49,Y:949)を奪い"
IMG_0590.PNG,/Users/mba2025/Library/CloudStorage/GoogleDrive-ktzkstsh@gmail.com/.tmp/2584/拠点取得スクショ/IMG_0590.PNG,timeline_chat,2026/05/22 23:15:00,,one,SVa,#511,49,649,3,,交易地,交易地,steal,one,low,previous_image_visible_time,"連盟oneは連盟SVaのLV.3交易地 #511(X:49,Y:649)を奪い"
IMG_0590.PNG,/Users/mba2025/Library/CloudStorage/GoogleDrive-ktzkstsh@gmail.com/.tmp/2584/拠点取得スクショ/IMG_0590.PNG,timeline_chat,2026/05/22 23:15:00,,Lghs,fzn,#503,49,49,1,,交易地,交易地,steal,Lghs,low,previous_image_visible_time,"連盟Lghsは連盟fznのLV.1交易地 #503(X:49,Y:49)を奪い"
IMG_0590.PNG,/Users/mba2025/Library/CloudStorage/GoogleDrive-ktzkstsh@gmail.com/.tmp/2584/拠点取得スクショ/IMG_0590.PNG,timeline_chat,2026/05/22 23:15:00,,GX99,GX99,#503,49,349,3,,交易地,交易地,steal,GX99,low,previous_image_visible_time,"連盟GX99は連盟GX99のLV.3交易地 #503(X:49,Y:349)を奪い"
IMG_0591.PNG,/Users/mba2025/Library/CloudStorage/GoogleDrive-ktzkstsh@gmail.com/.tmp/2584/拠点取得スクショ/IMG_0591.PNG,timeline_chat,2026/05/22 23:15:00,,JDX,JDX,#534,649,49,3,,交易地,交易地,steal,JDX,low,previous_image_visible_time,"連盟DXは連盟DXのLV.3交易地 #534(X:649,Y:49)を奪い"
IMG_0592.PNG,/Users/mba2025/Library/CloudStorage/GoogleDrive-ktzkstsh@gmail.com/.tmp/2584/拠点取得スクショ/IMG_0592.PNG,timeline_chat,2026/05/22 23:15:00,,476B,BAJ,#440,149,949,1,,交易地,交易地,steal,476B,low,previous_image_visible_time,"連盟476Bは連盟BAJのLV.1交易地 #440(X:149,Y:949) を奪い"
IMG_0592.PNG,/Users/mba2025/Library/CloudStorage/GoogleDrive-ktzkstsh@gmail.com/.tmp/2584/拠点取得スクショ/IMG_0592.PNG,timeline_chat,2026/05/22 23:15:00,,Lghs,JDX,#534,49,49,1,,交易地,交易地,steal,Lghs,low,previous_image_visible_time,"連盟Lghsは連盟DXのLV.1交易地 #534(X:49,Y:49)を奪い"
IMG_0593.PNG,/Users/mba2025/Library/CloudStorage/GoogleDrive-ktzkstsh@gmail.com/.tmp/2584/拠点取得スクショ/IMG_0593.PNG,timeline_chat,2026/05/22 23:15:00,,476Z,2N7,#511,49,849,1,,交易地,交易地,steal,476Z,low,previous_image_visible_time,"連盟476Zは連盟2N7のLV.1交易地 #511(X:49,Y:849)を奪い"
IMG_0593.PNG,/Users/mba2025/Library/CloudStorage/GoogleDrive-ktzkstsh@gmail.com/.tmp/2584/拠点取得スクショ/IMG_0593.PNG,timeline_chat,2026/05/22 23:15:00,,Stj,GX99,#503,49,549,4,,交易地,交易地,steal,Stj,low,previous_image_visible_time,"連盟Stjは連盟GX99のLV.4交易地 #503(X:49,Y:549)を奪い"
IMG_0593.PNG,/Users/mba2025/Library/CloudStorage/GoogleDrive-ktzkstsh@gmail.com/.tmp/2584/拠点取得スクショ/IMG_0593.PNG,timeline_chat,2026/05/22 23:15:00,,476A,SsQ,#509,949,249,2,,交易地,交易地,steal,476A,low,previous_image_visible_time,"連盟476Aは連盟SSQのLV.2交易地 #509(X:949,Y:249)を奪い"
IMG_0594.PNG,/Users/mba2025/Library/CloudStorage/GoogleDrive-ktzkstsh@gmail.com/.tmp/2584/拠点取得スクショ/IMG_0594.PNG,timeline_chat,2026/05/22 23:15:00,,UMN,one,#503,49,949,1,,交易地,交易地,steal,UMN,low,previous_image_visible_time,"連盟UMNは連盟oneのLV.1交易地 #503(X:49,Y:949)を奪い"
IMG_0594.PNG,/Users/mba2025/Library/CloudStorage/GoogleDrive-ktzkstsh@gmail.com/.tmp/2584/拠点取得スクショ/IMG_0594.PNG,timeline_chat,2026/05/22 23:15:00,,fIrE,2N7,#511,49,249,2,,交易地,交易地,steal,fIrE,low,previous_image_visible_time,"連盟fIrEは連盟2N7のLV.2交易地 #511(X:49,Y:249)を奪い"
IMG_0595.PNG,/Users/mba2025/Library/CloudStorage/GoogleDrive-ktzkstsh@gmail.com/.tmp/2584/拠点取得スクショ/IMG_0595.PNG,timeline_chat,2026/05/22 23:15:00,,RCON,KTVS,#534,349,49,3,,交易地,交易地,steal,RCON,low,previous_image_visible_time,"連盟RCONは連盟KTVSのLV.3交易地 #534(X:349,Y:49)を奪い"
IMG_0595.PNG,/Users/mba2025/Library/CloudStorage/GoogleDrive-ktzkstsh@gmail.com/.tmp/2584/拠点取得スクショ/IMG_0595.PNG,timeline_chat,2026/05/22 23:15:00,,GoDs,BAJ,#440,849,949,1,,交易地,交易地,steal,GoDs,low,previous_image_visible_time,"連盟GoDSは連盟BAのLV.1交易地 #440(X:849,Y:949)を奪い"
IMG_0596.PNG,/Users/mba2025/Library/CloudStorage/GoogleDrive-ktzkstsh@gmail.com/.tmp/2584/拠点取得スクショ/IMG_0596.PNG,timeline_chat,2026/05/22 23:15:00,,476A,KTVS,#534,849,49,1,,交易地,交易地,steal,476A,low,previous_image_visible_time,"連盟476Aは連盟KTVSのLV.1交易地 #534(X:849,Y:49)を奪い"
IMG_0596.PNG,/Users/mba2025/Library/CloudStorage/GoogleDrive-ktzkstsh@gmail.com/.tmp/2584/拠点取得スクショ/IMG_0596.PNG,timeline_chat,2026/05/22 23:15:00,,476d,2N7,#511,49,149,1,,交易地,交易地,steal,476d,low,previous_image_visible_time,"連盟476dは連盟2N7のLV.1交易地 #511(X:49,Y:149)を奪い"
IMG_0596.PNG,/Users/mba2025/Library/CloudStorage/GoogleDrive-ktzkstsh@gmail.com/.tmp/2584/拠点取得スクショ/IMG_0596.PNG,timeline_chat,2026/05/22 23:15:00,,476A,FHX,#509,949,849,1,,交易地,交易地,steal,476A,low,previous_image_visible_time,"連盟476Aは連盟FHXのLV.1交易地 #509(X:949,Y:849) を奪い"
IMG_0597.PNG,/Users/mba2025/Library/CloudStorage/GoogleDrive-ktzkstsh@gmail.com/.tmp/2584/拠点取得スクショ/IMG_0597.PNG,timeline_chat,2026/05/22 23:15:00,,476B,FHX,#509,949,49,1,,交易地,交易地,steal,476B,low,previous_image_visible_time,"連盟476Bは連盟FHXのLV.1交易地 #509(X:949,Y:49)を奪い"
IMG_0597.PNG,/Users/mba2025/Library/CloudStorage/GoogleDrive-ktzkstsh@gmail.com/.tmp/2584/拠点取得スクショ/IMG_0597.PNG,timeline_chat,2026/05/22 23:15:00,,BAJ,BAJ,#440,749,949,2,,交易地,交易地,steal,BAJ,low,previous_image_visible_time,"連盟BAは連盟BAのLV.2交易地 #440(X:749,Y:949) を奪い"
IMG_0598.PNG,/Users/mba2025/Library/CloudStorage/GoogleDrive-ktzkstsh@gmail.com/.tmp/2584/拠点取得スクショ/IMG_0598.PNG,timeline_chat,2026/05/22 23:15:00,,AAOA,JL0,#511,49,449,4,,交易地,交易地,steal,AAOA,low,previous_image_visible_time,"連盟AAOAは連盟JLOのLV.4交易地 #511(X:49,Y:449)を奪い"
IMG_0598.PNG,/Users/mba2025/Library/CloudStorage/GoogleDrive-ktzkstsh@gmail.com/.tmp/2584/拠点取得スクショ/IMG_0598.PNG,timeline_chat,2026/05/22 23:15:00,,476A,BAJ,#440,549,949,4,,交易地,交易地,steal,476A,medium,visible_time,"連盟476Aは連盟BAのLV.4交易地 #440(X:549,Y:949) を奪い"
IMG_0598.PNG,/Users/mba2025/Library/CloudStorage/GoogleDrive-ktzkstsh@gmail.com/.tmp/2584/拠点取得スクショ/IMG_0598.PNG,timeline_chat,2026/05/22 23:15:00,,SsQ,EDFS,#523,949,749,2,,交易地,交易地,steal,SsQ,medium,visible_time,"連盟SSQは連盟EDFSのLV.2交易地 #523(X:949,Y:749)を奪い"
IMG_0599.PNG,/Users/mba2025/Library/CloudStorage/GoogleDrive-ktzkstsh@gmail.com/.tmp/2584/拠点取得スクショ/IMG_0599.PNG,timeline_chat,2026/05/22 23:15:00,,476X,SHA,#534,549,49,4,,交易地,交易地,steal,476X,low,previous_image_visible_time,"連盟476Xは連盟SHAのLV.4交易地 #534(X:549,Y:49)を奪い"
IMG_0599.PNG,/Users/mba2025/Library/CloudStorage/GoogleDrive-ktzkstsh@gmail.com/.tmp/2584/拠点取得スクショ/IMG_0599.PNG,timeline_chat,2026/05/22 23:15:00,,476B,FHX,#509,949,949,1,,交易地,交易地,steal,476B,low,previous_image_visible_time,"連盟476Bは連盟FHXのLV.1交易地 #509(X:949,Y:949) を奪い"
IMG_0600.PNG,/Users/mba2025/Library/CloudStorage/GoogleDrive-ktzkstsh@gmail.com/.tmp/2584/拠点取得スクショ/IMG_0600.PNG,timeline_chat,2026/05/22 23:15:00,,GcC,GcC,#440,449,949,4,,交易地,交易地,steal,GcC,low,previous_image_visible_time,"連盟GCCは連盟GCCのLV.4交易地 #440(X:449,Y:949)を奪い"
IMG_0600.PNG,/Users/mba2025/Library/CloudStorage/GoogleDrive-ktzkstsh@gmail.com/.tmp/2584/拠点取得スクショ/IMG_0600.PNG,timeline_chat,2026/05/22 23:15:00,,476B,GcC,#440,349,949,3,,交易地,交易地,steal,476B,low,previous_image_visible_time,"連盟476Bは連盟GCCのLV.3交易地 #440(X:349,Y:949)を奪い"
IMG_0601.PNG,/Users/mba2025/Library/CloudStorage/GoogleDrive-ktzkstsh@gmail.com/.tmp/2584/拠点取得スクショ/IMG_0601.PNG,timeline_chat,2026/05/22 23:15:00,,nO9,NBNH,#523,949,49,1,,交易地,交易地,steal,nO9,low,previous_image_visible_time,"連盟nO9は連盟NBNHのLV.1交易地 #523(X:949,Y:49)を奪い"
IMG_0601.PNG,/Users/mba2025/Library/CloudStorage/GoogleDrive-ktzkstsh@gmail.com/.tmp/2584/拠点取得スクショ/IMG_0601.PNG,timeline_chat,2026/05/22 23:15:00,,476C,476C,#476,149,949,1,,交易地,交易地,steal,476C,low,previous_image_visible_time,"連盟476Cは連盟476CのLV.1交易地 #476(X:149,Y:949) を奪い"
IMG_0601.PNG,/Users/mba2025/Library/CloudStorage/GoogleDrive-ktzkstsh@gmail.com/.tmp/2584/拠点取得スクショ/IMG_0601.PNG,timeline_chat,2026/05/22 23:15:00,,476B,FHX,#509,949,149,1,,交易地,交易地,steal,476B,low,previous_image_visible_time,"連盟476Bは連盟FHXのLV.1交易地 #509(X:949,Y:149)を奪い"
IMG_0602.PNG,/Users/mba2025/Library/CloudStorage/GoogleDrive-ktzkstsh@gmail.com/.tmp/2584/拠点取得スクショ/IMG_0602.PNG,timeline_chat,2026/05/22 23:15:00,,KTVS,RCON,#480,949,49,1,,交易地,交易地,steal,KTVS,low,previous_image_visible_time,"連盟KTVSは連盟RCONのLV.1交易地 #480(X:949,Y:49)を奪い"
IMG_0602.PNG,/Users/mba2025/Library/CloudStorage/GoogleDrive-ktzkstsh@gmail.com/.tmp/2584/拠点取得スクショ/IMG_0602.PNG,timeline_chat,2026/05/22 23:15:00,,476X,SHA,#534,949,49,1,,交易地,交易地,steal,476X,low,previous_image_visible_time,"連盟476Xは連盟SHAのLV.1交易地 #534(X:949,Y:49)を奪い"
IMG_0602.PNG,/Users/mba2025/Library/CloudStorage/GoogleDrive-ktzkstsh@gmail.com/.tmp/2584/拠点取得スクショ/IMG_0602.PNG,timeline_chat,2026/05/22 23:15:00,,476Z,476B,#476,849,949,1,,交易地,交易地,steal,476Z,low,previous_image_visible_time,"連盟476Zは連盟476BのLV.1交易地 #476(X:849,Y:949)を奪い"
IMG_0603.PNG,/Users/mba2025/Library/CloudStorage/GoogleDrive-ktzkstsh@gmail.com/.tmp/2584/拠点取得スクショ/IMG_0603.PNG,timeline_chat,2026/05/22 23:15:00,,SHA,SHA,#534,449,49,4,,交易地,交易地,steal,SHA,low,previous_image_visible_time,"連盟SHAは連盟SHAのLV.4交易地 #534(X:449,Y:49)を奪い"
IMG_0603.PNG,/Users/mba2025/Library/CloudStorage/GoogleDrive-ktzkstsh@gmail.com/.tmp/2584/拠点取得スクショ/IMG_0603.PNG,timeline_chat,2026/05/22 23:15:00,,476A,BAJ,#440,249,949,2,,交易地,交易地,steal,476A,low,previous_image_visible_time,"連盟476Aは連盟BAのLV.2交易地 #440(X:249,Y:949)7 を奪い"
IMG_0603.PNG,/Users/mba2025/Library/CloudStorage/GoogleDrive-ktzkstsh@gmail.com/.tmp/2584/拠点取得スクショ/IMG_0603.PNG,timeline_chat,2026/05/22 23:15:00,,476B,FHX,#509,949,749,2,,交易地,交易地,steal,476B,low,previous_image_visible_time,"連盟476Bは連盟FHXのLV.2交易地 #509(X:949,Y:749) を奪い"
IMG_0604.PNG,/Users/mba2025/Library/CloudStorage/GoogleDrive-ktzkstsh@gmail.com/.tmp/2584/拠点取得スクショ/IMG_0604.PNG,timeline_chat,2026/05/22 23:15:00,,SsQ,K4TR,#523,949,649,3,,交易地,交易地,steal,SsQ,low,previous_image_visible_time,"連盟SsQは連盟K4TRのLV.3交易地 #523(X:949,Y:649)を奪い"
IMG_0604.PNG,/Users/mba2025/Library/CloudStorage/GoogleDrive-ktzkstsh@gmail.com/.tmp/2584/拠点取得スクショ/IMG_0604.PNG,timeline_chat,2026/05/22 23:15:00,,Lghs,one,#503,49,649,3,,交易地,交易地,steal,Lghs,low,previous_image_visible_time,"連盟Lghsは連盟oneのLV.3交易地 #503(X:49,Y:649)を奪い"
IMG_0604.PNG,/Users/mba2025/Library/CloudStorage/GoogleDrive-ktzkstsh@gmail.com/.tmp/2584/拠点取得スクショ/IMG_0604.PNG,timeline_chat,2026/05/22 23:15:00,,GX99,Lghs,#503,49,149,1,,交易地,交易地,steal,GX99,low,previous_image_visible_time,"連盟GX99は連盟LghsのLV.1交易地 #503(X:49,Y:149)を奪い"
IMG_0605.PNG,/Users/mba2025/Library/CloudStorage/GoogleDrive-ktzkstsh@gmail.com/.tmp/2584/拠点取得スクショ/IMG_0605.PNG,timeline_chat,2026/05/22 23:15:00,,BAJ,WUG,#523,949,849,1,,交易地,交易地,steal,BAJ,low,previous_image_visible_time,"連盟BAJは連盟WUGのLV.1交易地 #523(X:949,Y:849)を奪い"
IMG_0605.PNG,/Users/mba2025/Library/CloudStorage/GoogleDrive-ktzkstsh@gmail.com/.tmp/2584/拠点取得スクショ/IMG_0605.PNG,timeline_chat,2026/05/22 23:15:00,,BgNa,JL0,#511,49,949,1,,交易地,交易地,steal,BgNa,low,previous_image_visible_time,"連盟BgNaは連盟LOのLV.1交易地 #511(X:49,Y:949)を奪い"
IMG_0605.PNG,/Users/mba2025/Library/CloudStorage/GoogleDrive-ktzkstsh@gmail.com/.tmp/2584/拠点取得スクショ/IMG_0605.PNG,timeline_chat,2026/05/22 23:15:00,,GcC,NBNH,#523,949,949,1,,交易地,交易地,steal,GcC,low,previous_image_visible_time,"連盟GCCは連盟NBNHのLV.1交易地 #523(X:949,Y:949)を奪い"
IMG_0606.PNG,/Users/mba2025/Library/CloudStorage/GoogleDrive-ktzkstsh@gmail.com/.tmp/2584/拠点取得スクショ/IMG_0606.PNG,timeline_chat,2026/05/22 23:15:00,,RCON,RCON,#480,349,49,3,,交易地,交易地,steal,RCON,low,previous_image_visible_time,"連盟RCONは連盟RCONのLV.3交易地 #480(X:349,Y:49)を奪い"
IMG_0606.PNG,/Users/mba2025/Library/CloudStorage/GoogleDrive-ktzkstsh@gmail.com/.tmp/2584/拠点取得スクショ/IMG_0606.PNG,timeline_chat,2026/05/22 23:20:00,,RCON,BgNa,#480,49,49,1,,交易地,交易地,steal,RCON,medium,visible_time,"連盟RCONは連盟BgNaのLV.1交易地 #480(X:49,Y:49)を奪い"
IMG_0607.PNG,/Users/mba2025/Library/CloudStorage/GoogleDrive-ktzkstsh@gmail.com/.tmp/2584/拠点取得スクショ/IMG_0607.PNG,timeline_chat,2026/05/22 23:20:00,,RCON,BgNa,#480,49,49,1,,交易地,交易地,steal,RCON,low,previous_image_visible_time,"連盟RCONは連盟BgNaのLV.1交易地 #480(X:49,Y:49)を奪い"
IMG_0607.PNG,/Users/mba2025/Library/CloudStorage/GoogleDrive-ktzkstsh@gmail.com/.tmp/2584/拠点取得スクショ/IMG_0607.PNG,timeline_chat,2026/05/22 23:20:00,,476A,FHX,#509,949,349,3,,交易地,交易地,steal,476A,low,previous_image_visible_time,"連盟476Aは連盟FHXのLV.3交易地 #509(X:949,Y:349) を奪い"
IMG_0607.PNG,/Users/mba2025/Library/CloudStorage/GoogleDrive-ktzkstsh@gmail.com/.tmp/2584/拠点取得スクショ/IMG_0607.PNG,timeline_chat,2026/05/22 23:20:00,,GX99,fzn,#503,49,749,2,,交易地,交易地,steal,GX99,low,previous_image_visible_time,"連盟GX99は連盟fznのLV.2交易地 #503(X:49,Y:749)を奪い"
IMG_0608.PNG,/Users/mba2025/Library/CloudStorage/GoogleDrive-ktzkstsh@gmail.com/.tmp/2584/拠点取得スクショ/IMG_0608.PNG,timeline_chat,2026/05/22 23:20:00,,GX99,fzn,#503,49,749,2,,交易地,交易地,steal,GX99,low,previous_image_visible_time,"連盟GX99は連盟fznのLV.2交易地 #503(X:49,Y:749)を奪い"
IMG_0608.PNG,/Users/mba2025/Library/CloudStorage/GoogleDrive-ktzkstsh@gmail.com/.tmp/2584/拠点取得スクショ/IMG_0608.PNG,timeline_chat,2026/05/22 23:20:00,,476X,NBNH,#523,949,349,3,,交易地,交易地,steal,476X,low,previous_image_visible_time,"連盟476Xは連盟NBNHのLV.3交易地 #523(X:949,Y:349)7 を奪い"
IMG_0608.PNG,/Users/mba2025/Library/CloudStorage/GoogleDrive-ktzkstsh@gmail.com/.tmp/2584/拠点取得スクショ/IMG_0608.PNG,timeline_chat,2026/05/22 23:20:00,,476A,GODS,#440,649,949,3,,交易地,交易地,steal,476A,low,previous_image_visible_time,"連盟476Aは連盟GODSのLV.3交易地 #440(X:649,Y:949)を奪い"
IMG_0609.PNG,/Users/mba2025/Library/CloudStorage/GoogleDrive-ktzkstsh@gmail.com/.tmp/2584/拠点取得スクショ/IMG_0609.PNG,timeline_chat,2026/05/22 23:26:00,,BAJ,BgNa,#480,649,49,3,,交易地,交易地,steal,BAJ,low,previous_image_visible_time,"連盟BAは連盟BgNaのLV.3交易地 #480(X:649,Y:49)を奪い"
IMG_0609.PNG,/Users/mba2025/Library/CloudStorage/GoogleDrive-ktzkstsh@gmail.com/.tmp/2584/拠点取得スクショ/IMG_0609.PNG,timeline_chat,2026/05/22 23:26:00,,476B,476B,#476,49,949,1,,交易地,交易地,steal,476B,medium,visible_time,"連盟476Bは連盟476BのLV.1交易地 #476(X:49,Y:949)を奪い"
IMG_0610.PNG,/Users/mba2025/Library/CloudStorage/GoogleDrive-ktzkstsh@gmail.com/.tmp/2584/拠点取得スクショ/IMG_0610.PNG,timeline_chat,2026/05/22 23:26:00,,476B,476B,#476,49,949,1,,交易地,交易地,steal,476B,low,previous_image_visible_time,"連盟476Bは連盟476BのLV.1交易地 #476(X:49,Y:949)を奪い"
IMG_0610.PNG,/Users/mba2025/Library/CloudStorage/GoogleDrive-ktzkstsh@gmail.com/.tmp/2584/拠点取得スクショ/IMG_0610.PNG,timeline_chat,2026/05/22 23:26:00,,476d,476A,#476,749,949,2,,交易地,交易地,steal,476d,low,previous_image_visible_time,"連盟476dは連盟476AのLV.2交易地 #476(X:749,Y:949)を奪い"
IMG_0611.PNG,/Users/mba2025/Library/CloudStorage/GoogleDrive-ktzkstsh@gmail.com/.tmp/2584/拠点取得スクショ/IMG_0611.PNG,timeline_chat,2026/05/22 23:26:00,,UMN,,#503,599,699,3,,漁場,漁場,occupy,UMN,low,previous_image_visible_time,"連盟UMNがLV.3漁場 #503(X:599,Y:699)を 占領"
IMG_0611.PNG,/Users/mba2025/Library/CloudStorage/GoogleDrive-ktzkstsh@gmail.com/.tmp/2584/拠点取得スクショ/IMG_0611.PNG,timeline_chat,2026/05/22 23:26:00,,BgNa,2N7,#511,49,549,4,,交易地,交易地,steal,BgNa,low,previous_image_visible_time,"連盟BgNaは連盟2N7のLV.4交易地 #511(X:49,Y:549)を奪い"
IMG_0612.PNG,/Users/mba2025/Library/CloudStorage/GoogleDrive-ktzkstsh@gmail.com/.tmp/2584/拠点取得スクショ/IMG_0612.PNG,timeline_chat,2026/05/22 23:32:00,,476d,BgNa,#480,749,49,2,,交易地,交易地,steal,476d,low,previous_image_visible_time,"連盟476dは連盟BgNaのLV.2交易地 #480(X:749,Y:49)を奪い"
IMG_0612.PNG,/Users/mba2025/Library/CloudStorage/GoogleDrive-ktzkstsh@gmail.com/.tmp/2584/拠点取得スクショ/IMG_0612.PNG,timeline_chat,2026/05/22 23:32:00,,BAJ,WUG,#523,949,449,4,,交易地,交易地,steal,BAJ,low,previous_image_visible_time,"連盟BAは連盟WUGのLV.4交易地 #523(X:949,Y:449)を奪い"
IMG_0612.PNG,/Users/mba2025/Library/CloudStorage/GoogleDrive-ktzkstsh@gmail.com/.tmp/2584/拠点取得スクショ/IMG_0612.PNG,timeline_chat,2026/05/22 23:32:00,,476C,476A,#476,349,949,3,,交易地,交易地,steal,476C,low,previous_image_visible_time,"連盟476Cは連盟476AのLV.3交易地 #476(X:349,Y:949) を奪い"
IMG_0613.PNG,/Users/mba2025/Library/CloudStorage/GoogleDrive-ktzkstsh@gmail.com/.tmp/2584/拠点取得スクショ/IMG_0613.PNG,timeline_chat,2026/05/22 23:32:00,,476A,NBNH,#523,949,549,4,,交易地,交易地,steal,476A,low,previous_image_visible_time,"連盟476Aは連盟NBNHのLV.4交易地 #523(X:949,Y:549)を奪い"
IMG_0613.PNG,/Users/mba2025/Library/CloudStorage/GoogleDrive-ktzkstsh@gmail.com/.tmp/2584/拠点取得スクショ/IMG_0613.PNG,timeline_chat,2026/05/22 23:32:00,,BgNa,BgNa,#480,849,49,1,,交易地,交易地,steal,BgNa,low,previous_image_visible_time,"連盟BgNaは連盟BgNaのLV.1交易地 #480(X:849,Y:49)を奪い"
IMG_0614.PNG,/Users/mba2025/Library/CloudStorage/GoogleDrive-ktzkstsh@gmail.com/.tmp/2584/拠点取得スクショ/IMG_0614.PNG,timeline_chat,2026/05/22 23:39:00,,KTVS,KTVS,#534,249,49,2,,交易地,交易地,steal,KTVS,low,previous_image_visible_time,"連盟KTVSは連盟KTVSのLV.2交易地 #534(X:249,Y:49)を奪い"
IMG_0614.PNG,/Users/mba2025/Library/CloudStorage/GoogleDrive-ktzkstsh@gmail.com/.tmp/2584/拠点取得スクショ/IMG_0614.PNG,timeline_chat,2026/05/22 23:39:00,,GcC,476B,#476,649,949,3,,交易地,交易地,steal,GcC,low,previous_image_visible_time,"連盟GCCは連盟476BのLV.3交易地 #476(X:649,Y:949)7 を奪い"
IMG_0614.PNG,/Users/mba2025/Library/CloudStorage/GoogleDrive-ktzkstsh@gmail.com/.tmp/2584/拠点取得スクショ/IMG_0614.PNG,timeline_chat,2026/05/22 23:39:00,,TRh,,#534,499,99,1,,漁場,漁場,occupy,TRh,low,previous_image_visible_time,"連盟TrhがLV.1漁場 #534(X:499,Y:99)を占領"
IMG_0615.PNG,/Users/mba2025/Library/CloudStorage/GoogleDrive-ktzkstsh@gmail.com/.tmp/2584/拠点取得スクショ/IMG_0615.PNG,timeline_chat,2026/05/22 23:39:00,,476B,JL0,#511,49,749,2,,交易地,交易地,steal,476B,low,previous_image_visible_time,"連盟476Bは連盟LOのLV.2交易地 #511(X:49,Y:749)を奪い"
IMG_0615.PNG,/Users/mba2025/Library/CloudStorage/GoogleDrive-ktzkstsh@gmail.com/.tmp/2584/拠点取得スクショ/IMG_0615.PNG,timeline_chat,2026/05/22 23:39:00,,UMN,,#503,599,799,2,,漁場,漁場,occupy,UMN,low,previous_image_visible_time,"連盟UMNがLV.2漁場 #503(X:599,Y:799)を 占領"
IMG_0615.PNG,/Users/mba2025/Library/CloudStorage/GoogleDrive-ktzkstsh@gmail.com/.tmp/2584/拠点取得スクショ/IMG_0615.PNG,timeline_chat,2026/05/22 23:39:00,,W6f,,#534,978,99,1,,漁場,漁場,occupy,W6f,low,previous_image_visible_time,"連盟W6fがLV.1漁場 #534(X:978,Y:99)を占 領"
IMG_0615.PNG,/Users/mba2025/Library/CloudStorage/GoogleDrive-ktzkstsh@gmail.com/.tmp/2584/拠点取得スクショ/IMG_0615.PNG,timeline_chat,2026/05/22 23:39:00,,476B,SsQ,#509,949,449,4,,交易地,交易地,steal,476B,low,previous_image_visible_time,"連盟476Bは連盟SsQのLV.4交易地 #509(X:949,Y:449) を奪い"
IMG_0616.PNG,/Users/mba2025/Library/CloudStorage/GoogleDrive-ktzkstsh@gmail.com/.tmp/2584/拠点取得スクショ/IMG_0616.PNG,timeline_chat,2026/05/22 23:39:00,,TaW,,#440,799,399,2,,漁場,漁場,occupy,TaW,low,previous_image_visible_time,"連盟TaWがLV.2漁場 #440(X:799,Y:399)を占 領"
IMG_0616.PNG,/Users/mba2025/Library/CloudStorage/GoogleDrive-ktzkstsh@gmail.com/.tmp/2584/拠点取得スクショ/IMG_0616.PNG,timeline_chat,2026/05/22 23:50:00,,Lghs,fIrE,#523,949,149,1,,交易地,交易地,steal,Lghs,medium,visible_time,"連盟Lghsは連盟fIrEのLV.1交易地 #523(X:949,Y:149)を奪い"
IMG_0617.PNG,/Users/mba2025/Library/CloudStorage/GoogleDrive-ktzkstsh@gmail.com/.tmp/2584/拠点取得スクショ/IMG_0617.PNG,timeline_chat,2026/05/22 23:55:00,,476A,476A,#476,449,949,4,,交易地,交易地,steal,476A,medium,visible_time,"連盟476Aは連盟476AのLV.4交易地 #476(X:449,Y:949)を奪い"
IMG_0617.PNG,/Users/mba2025/Library/CloudStorage/GoogleDrive-ktzkstsh@gmail.com/.tmp/2584/拠点取得スクショ/IMG_0617.PNG,timeline_chat,2026/05/22 23:55:00,,JDX,JDX,#534,149,49,1,,交易地,交易地,steal,JDX,medium,visible_time,"連盟DXは連盟DXのLV.1交易地 #534(X:149,Y:49)を奪い"
IMG_0630.PNG,/Users/mba2025/Library/CloudStorage/GoogleDrive-ktzkstsh@gmail.com/.tmp/2584/拠点取得スクショ/IMG_0630.PNG,timeline_chat,2026/05/24 00:00:00,,JDX,JDX,#534,149,49,1,,交易地,交易地,steal,JDX,low,previous_image_visible_time,"連盟DXは連盟DXのLV.1交易地 #534(X:149,Y:49)を奪い"
IMG_0630.PNG,/Users/mba2025/Library/CloudStorage/GoogleDrive-ktzkstsh@gmail.com/.tmp/2584/拠点取得スクショ/IMG_0630.PNG,timeline_chat,2026/05/24 00:00:00,,NBNH,NBNH,#523,949,249,2,,交易地,交易地,steal,NBNH,medium,visible_time,"連盟NBNHは連盟NBNHのLV.2交易地 #523(X:949,Y:249)を奪い"
IMG_0631.PNG,/Users/mba2025/Library/CloudStorage/GoogleDrive-ktzkstsh@gmail.com/.tmp/2584/拠点取得スクショ/IMG_0631.PNG,timeline_chat,2026/05/24 00:08:00,,476A,,#476,499,599,4,,漁場,漁場,occupy,476A,low,previous_image_visible_time,"連盟476AがLV.4漁場 #476(X:499,Y:599)を 占領"
IMG_0631.PNG,/Users/mba2025/Library/CloudStorage/GoogleDrive-ktzkstsh@gmail.com/.tmp/2584/拠点取得スクショ/IMG_0631.PNG,timeline_chat,2026/05/24 00:08:00,,476H,,#476,699,899,1,,漁場,漁場,occupy,476H,medium,visible_time,"連盟476HがLV.1漁場 #476(X:699,Y:899)を 占領"
IMG_0631.PNG,/Users/mba2025/Library/CloudStorage/GoogleDrive-ktzkstsh@gmail.com/.tmp/2584/拠点取得スクショ/IMG_0631.PNG,timeline_chat,2026/05/24 00:16:00,,BAJ,,#8061,924,374,6,,漁場,漁場,occupy,BAJ,medium,visible_time,"連盟BAがLV.6漁場 #8061(X:924,Y:374)を 占領"
IMG_0631.PNG,/Users/mba2025/Library/CloudStorage/GoogleDrive-ktzkstsh@gmail.com/.tmp/2584/拠点取得スクショ/IMG_0631.PNG,timeline_chat,2026/05/24 00:21:00,,RCON,,#480,199,799,2,,漁場,漁場,occupy,RCON,medium,visible_time,"連盟RCONがLV.2漁場 #480(X:199,Y:799)を 占領"
IMG_0632.PNG,/Users/mba2025/Library/CloudStorage/GoogleDrive-ktzkstsh@gmail.com/.tmp/2584/拠点取得スクショ/IMG_0632.PNG,timeline_chat,2026/05/24 00:45:00,,DaNG,,#8061,724,124,7,,漁場,漁場,occupy,DaNG,low,previous_image_visible_time,"連盟DaNGがLV.7漁場 #8061(X:724,Y:124) を占領"
IMG_0632.PNG,/Users/mba2025/Library/CloudStorage/GoogleDrive-ktzkstsh@gmail.com/.tmp/2584/拠点取得スクショ/IMG_0632.PNG,timeline_chat,2026/05/24 00:52:00,,476X,,#8061,74,274,6,,漁場,漁場,occupy,476X,medium,visible_time,"連盟476XがLV.6漁場 #8061(X:74,Y:274)を 占領"
IMG_0632.PNG,/Users/mba2025/Library/CloudStorage/GoogleDrive-ktzkstsh@gmail.com/.tmp/2584/拠点取得スクショ/IMG_0632.PNG,timeline_chat,2026/05/24 00:58:00,,TRh,,#534,599,99,1,,漁場,漁場,occupy,TRh,medium,visible_time,"連盟TrhがLV.1漁場 #534(X:599,Y:99)を占領"
IMG_0632.PNG,/Users/mba2025/Library/CloudStorage/GoogleDrive-ktzkstsh@gmail.com/.tmp/2584/拠点取得スクショ/IMG_0632.PNG,timeline_chat,2026/05/24 00:58:00,,AAOA,,#480,799,199,2,,漁場,漁場,occupy,AAOA,medium,visible_time,"連盟AAOAがLV.2漁場 #480(X:799,Y:199)を 占領"
IMG_0633.PNG,/Users/mba2025/Library/CloudStorage/GoogleDrive-ktzkstsh@gmail.com/.tmp/2584/拠点取得スクショ/IMG_0633.PNG,timeline_chat,2026/05/24 01:38:00,,Digg,,#480,99,599,1,,漁場,漁場,first_occupy,Digg,low,previous_image_visible_time,"連盟DiggがLV.1漁場 #480(X:99,Y:599)を占 領"
IMG_0633.PNG,/Users/mba2025/Library/CloudStorage/GoogleDrive-ktzkstsh@gmail.com/.tmp/2584/拠点取得スクショ/IMG_0633.PNG,timeline_chat,2026/05/24 01:38:00,,476H,,#476,799,899,1,,漁場,漁場,occupy,476H,medium,visible_time,"連盟476HがLV.1漁場 #476(X:799,Y:899)を 占領"
IMG_0634.PNG,/Users/mba2025/Library/CloudStorage/GoogleDrive-ktzkstsh@gmail.com/.tmp/2584/拠点取得スクショ/IMG_0634.PNG,timeline_chat,2026/05/24 02:14:00,,476d,,#476,799,699,2,,漁場,漁場,occupy,476d,low,previous_image_visible_time,"連盟476dがLV.2漁場 #476(X:799,Y:699)を 占領"
IMG_0634.PNG,/Users/mba2025/Library/CloudStorage/GoogleDrive-ktzkstsh@gmail.com/.tmp/2584/拠点取得スクショ/IMG_0634.PNG,timeline_chat,2026/05/24 02:21:00,,u3o,,#523,799,399,2,,漁場,漁場,occupy,u3o,medium,visible_time,"連盟u30がLV.2漁場 #523(X:799,Y:399)を占 領"
IMG_0634.PNG,/Users/mba2025/Library/CloudStorage/GoogleDrive-ktzkstsh@gmail.com/.tmp/2584/拠点取得スクショ/IMG_0634.PNG,timeline_chat,2026/05/24 02:21:00,,PmP,,#480,99,299,1,,漁場,漁場,occupy,PmP,medium,visible_time,"連盟PmPがLV.1漁場 #480(X:99,Y:299)を占 領"
IMG_0635.PNG,/Users/mba2025/Library/CloudStorage/GoogleDrive-ktzkstsh@gmail.com/.tmp/2584/拠点取得スクショ/IMG_0635.PNG,timeline_chat,2026/05/24 03:07:00,,MOn,,#8061,874,974,5,,漁場,漁場,occupy,MOn,low,previous_image_visible_time,"連盟MOnがLV.5漁場 #8061(X:874,Y:974)を 占領"
IMG_0635.PNG,/Users/mba2025/Library/CloudStorage/GoogleDrive-ktzkstsh@gmail.com/.tmp/2584/拠点取得スクショ/IMG_0635.PNG,timeline_chat,2026/05/24 03:07:00,,ALj,,#8061,74,624,6,,漁場,漁場,occupy,ALj,medium,visible_time,"連盟ALjがLV.6漁場 #8061(X:74,Y:624)を占 領"
IMG_0635.PNG,/Users/mba2025/Library/CloudStorage/GoogleDrive-ktzkstsh@gmail.com/.tmp/2584/拠点取得スクショ/IMG_0635.PNG,timeline_chat,2026/05/24 03:23:00,,MOn,,#509,299,799,2,,漁場,漁場,occupy,MOn,medium,visible_time,"連盟MOnがLV.2漁場 #509(X:299,Y:799)を 占領"
IMG_0635.PNG,/Users/mba2025/Library/CloudStorage/GoogleDrive-ktzkstsh@gmail.com/.tmp/2584/拠点取得スクショ/IMG_0635.PNG,timeline_chat,2026/05/24 03:38:00,,ALj,,#8061,124,624,7,,漁場,漁場,occupy,ALj,medium,visible_time,"連盟ALjがLV.7漁場 #8061(X:124,Y:624)を占 領"
IMG_0636.PNG,/Users/mba2025/Library/CloudStorage/GoogleDrive-ktzkstsh@gmail.com/.tmp/2584/拠点取得スクショ/IMG_0636.PNG,timeline_chat,2026/05/24 04:05:00,,BHE,,#509,499,799,2,,漁場,漁場,occupy,BHE,low,previous_image_visible_time,"連盟BHEがLV.2漁場 #509(X:499,Y:799)を占 領"
IMG_0636.PNG,/Users/mba2025/Library/CloudStorage/GoogleDrive-ktzkstsh@gmail.com/.tmp/2584/拠点取得スクショ/IMG_0636.PNG,timeline_chat,2026/05/24 04:10:00,,NBNH,,#523,799,599,2,,漁場,漁場,occupy,NBNH,medium,visible_time,"連盟NBNHがLV.2漁場 #523(X:799,Y:599)を 占領"
IMG_0637.PNG,/Users/mba2025/Library/CloudStorage/GoogleDrive-ktzkstsh@gmail.com/.tmp/2584/拠点取得スクショ/IMG_0637.PNG,timeline_chat,2026/05/24 04:22:00,,IMP,,#440,99,299,1,,漁場,漁場,occupy,IMP,low,previous_image_visible_time,"連盟IMpがLV.1漁場 #440(X:99,Y:299)を占 領"
IMG_0637.PNG,/Users/mba2025/Library/CloudStorage/GoogleDrive-ktzkstsh@gmail.com/.tmp/2584/拠点取得スクショ/IMG_0637.PNG,timeline_chat,2026/05/24 04:31:00,,EDFS,,#523,899,599,1,,漁場,漁場,first_occupy,EDFS,medium,visible_time,"連盟EDFSがLV.1漁場 #523(X:899,Y:599)を 占領"
IMG_0638.PNG,/Users/mba2025/Library/CloudStorage/GoogleDrive-ktzkstsh@gmail.com/.tmp/2584/拠点取得スクショ/IMG_0638.PNG,timeline_chat,2026/05/24 05:07:00,,GoDs,,#440,299,399,3,,漁場,漁場,occupy,GoDs,medium,visible_time,"連盟GoDSがLV.3漁場 #440(X:299,Y:399)を 占領"
IMG_0638.PNG,/Users/mba2025/Library/CloudStorage/GoogleDrive-ktzkstsh@gmail.com/.tmp/2584/拠点取得スクショ/IMG_0638.PNG,timeline_chat,2026/05/24 05:21:00,,GcC,,#8061,924,324,6,,漁場,漁場,occupy,GcC,medium,visible_time,"連盟GCCがLV.6漁場 #8061(X:924,Y:324)を 占領"
IMG_0639.PNG,/Users/mba2025/Library/CloudStorage/GoogleDrive-ktzkstsh@gmail.com/.tmp/2584/拠点取得スクショ/IMG_0639.PNG,timeline_chat,2026/05/24 05:49:00,,CDf8,,#8061,874,74,6,,漁場,漁場,occupy,CDf8,low,previous_image_visible_time,"連盟CDf8がLV.6漁場 #8061(X:874,Y:74)を 占領"
IMG_0639.PNG,/Users/mba2025/Library/CloudStorage/GoogleDrive-ktzkstsh@gmail.com/.tmp/2584/拠点取得スクショ/IMG_0639.PNG,timeline_chat,2026/05/24 05:49:00,,BAJ,,#8061,974,324,5,,漁場,漁場,occupy,BAJ,medium,visible_time,"連盟BAがLV.5漁場 #8061(X:974,Y:324)を 占領"
IMG_0639.PNG,/Users/mba2025/Library/CloudStorage/GoogleDrive-ktzkstsh@gmail.com/.tmp/2584/拠点取得スクショ/IMG_0639.PNG,timeline_chat,2026/05/24 05:49:00,,CDf8,,#8061,974,274,5,,漁場,漁場,occupy,CDf8,medium,visible_time,"連盟CDf8がLV.5漁場 #8061(X:974,Y:274)を 占領"
IMG_0639.PNG,/Users/mba2025/Library/CloudStorage/GoogleDrive-ktzkstsh@gmail.com/.tmp/2584/拠点取得スクショ/IMG_0639.PNG,timeline_chat,2026/05/24 06:02:00,,AoW,,#509,799,199,2,,漁場,漁場,occupy,AoW,medium,visible_time,"連盟AoWがLV.2漁場 #509(X:799,Y:199)を 占領"
IMG_0640.PNG,/Users/mba2025/Library/CloudStorage/GoogleDrive-ktzkstsh@gmail.com/.tmp/2584/拠点取得スクショ/IMG_0640.PNG,timeline_chat,2026/05/24 06:12:00,,AoW,,#509,399,799,2,,漁場,漁場,occupy,AoW,medium,visible_time,"連盟AoWがLV.2漁場 #509(X:399,Y:799) 占領"
IMG_0641.PNG,/Users/mba2025/Library/CloudStorage/GoogleDrive-ktzkstsh@gmail.com/.tmp/2584/拠点取得スクショ/IMG_0641.PNG,timeline_chat,2026/05/24 06:12:00,,VEX,,#509,399,199,2,,漁場,漁場,occupy,VEX,low,previous_image_visible_time,"連盟VEXがLV.2漁場 #509(X:399,Y:199)を占 領"
IMG_0641.PNG,/Users/mba2025/Library/CloudStorage/GoogleDrive-ktzkstsh@gmail.com/.tmp/2584/拠点取得スクショ/IMG_0641.PNG,timeline_chat,2026/05/24 07:09:00,,CZX,,#509,799,99,1,,漁場,漁場,occupy,CZX,medium,visible_time,"連盟CZXがLV.1漁場 #509(X:799,Y:99)を占 領"
IMG_0641.PNG,/Users/mba2025/Library/CloudStorage/GoogleDrive-ktzkstsh@gmail.com/.tmp/2584/拠点取得スクショ/IMG_0641.PNG,timeline_chat,2026/05/24 07:29:00,,TIKW,,#480,299,799,2,,漁場,漁場,occupy,TIKW,medium,visible_time,"連盟TIKWがLV.2漁場 #480(X:299,Y:799)を 占領"
IMG_0642.PNG,/Users/mba2025/Library/CloudStorage/GoogleDrive-ktzkstsh@gmail.com/.tmp/2584/拠点取得スクショ/IMG_0642.PNG,timeline_chat,2026/05/24 07:55:00,,BHE,,#509,99,499,1,,漁場,漁場,occupy,BHE,low,previous_image_visible_time,"連盟BHEがLV.1漁場 #509(X:99,Y:499)を占 領"
IMG_0642.PNG,/Users/mba2025/Library/CloudStorage/GoogleDrive-ktzkstsh@gmail.com/.tmp/2584/拠点取得スクショ/IMG_0642.PNG,timeline_chat,2026/05/24 08:02:00,,2N7,,#8061,424,124,7,,漁場,漁場,occupy,2N7,medium,visible_time,"連盟2N7がLV.7漁場 #8061(X:424,Y:124)を 占領"
IMG_0643.PNG,/Users/mba2025/Library/CloudStorage/GoogleDrive-ktzkstsh@gmail.com/.tmp/2584/拠点取得スクショ/IMG_0643.PNG,timeline_chat,2026/05/24 09:53:00,,SVa,,#8061,774,124,7,,漁場,漁場,occupy,SVa,low,previous_image_visible_time,"連盟SVaがLV.7漁場 #8061(X:774,Y:124)を 占領"
IMG_0643.PNG,/Users/mba2025/Library/CloudStorage/GoogleDrive-ktzkstsh@gmail.com/.tmp/2584/拠点取得スクショ/IMG_0643.PNG,timeline_chat,2026/05/24 09:53:00,,Digg,,#480,978,899,1,,漁場,漁場,first_occupy,Digg,medium,visible_time,"連盟DiggがLV.1漁場 #480(X:978,Y:899)を 占領"
IMG_0644.PNG,/Users/mba2025/Library/CloudStorage/GoogleDrive-ktzkstsh@gmail.com/.tmp/2584/拠点取得スクショ/IMG_0644.PNG,timeline_chat,2026/05/24 10:01:00,,fzn,,#503,199,599,2,,漁場,漁場,occupy,fzn,low,previous_image_visible_time,"連盟fznがLV.2漁場 #503(X:199,Y:599)を占 領"
IMG_0644.PNG,/Users/mba2025/Library/CloudStorage/GoogleDrive-ktzkstsh@gmail.com/.tmp/2584/拠点取得スクショ/IMG_0644.PNG,timeline_chat,2026/05/23 10:28:00,,PmP,,#8061,924,274,6,,漁場,漁場,occupy,PmP,medium,visible_time,"連盟PmPがLV.6漁場 #8061(X:924,Y:274)を 占領"
IMG_0644.PNG,/Users/mba2025/Library/CloudStorage/GoogleDrive-ktzkstsh@gmail.com/.tmp/2584/拠点取得スクショ/IMG_0644.PNG,timeline_chat,2026/05/23 10:28:00,,JL2,,#511,199,599,2,,漁場,漁場,occupy,JL2,medium,visible_time,"連盟L2がLV.2漁場 #511(X:199,Y:599)を占 領"
IMG_0644.PNG,/Users/mba2025/Library/CloudStorage/GoogleDrive-ktzkstsh@gmail.com/.tmp/2584/拠点取得スクショ/IMG_0644.PNG,timeline_chat,2026/05/23 10:36:00,,WbW,,#480,649,149,1,湿地,湿地の村,都市,first_occupy,WbW,medium,visible_time,"連盟WbWがLV.1湿地の村 #480(X:649,Y:149)を占領"
IMG_0645.PNG,/Users/mba2025/Library/CloudStorage/GoogleDrive-ktzkstsh@gmail.com/.tmp/2584/拠点取得スクショ/IMG_0645.PNG,timeline_chat,2026/05/23 11:02:00,,JL2,,#511,199,599,2,,漁場,漁場,occupy,JL2,low,previous_image_visible_time,"連盟L2がLV.2漁場 #511(X:199,Y:599)を占 領"
IMG_0645.PNG,/Users/mba2025/Library/CloudStorage/GoogleDrive-ktzkstsh@gmail.com/.tmp/2584/拠点取得スクショ/IMG_0645.PNG,timeline_chat,2026/05/23 11:02:00,,WbW,,#480,649,149,1,湿地,湿地の村,都市,first_occupy,WbW,low,previous_image_visible_time,"連盟WbWがLV.1湿地の村 #480(X:649,Y:149)を占領"
IMG_0645.PNG,/Users/mba2025/Library/CloudStorage/GoogleDrive-ktzkstsh@gmail.com/.tmp/2584/拠点取得スクショ/IMG_0645.PNG,timeline_chat,2026/05/23 11:02:00,,GX99,,#503,349,549,3,湿地,湿地の集会場,都市,first_occupy,GX99,medium,visible_time,"連盟GX99がLV.3湿地の集会場 #503(X:349,Y:549)を占領"
IMG_0645.PNG,/Users/mba2025/Library/CloudStorage/GoogleDrive-ktzkstsh@gmail.com/.tmp/2584/拠点取得スクショ/IMG_0645.PNG,timeline_chat,2026/05/23 11:02:00,,2N7,,#511,349,349,3,密林,密林の集会場,都市,first_occupy,2N7,medium,visible_time,"連盟2N7がLV.3密林の集会場 #511(X:349,Y:349)を占領"
IMG_0645.PNG,/Users/mba2025/Library/CloudStorage/GoogleDrive-ktzkstsh@gmail.com/.tmp/2584/拠点取得スクショ/IMG_0645.PNG,timeline_chat,2026/05/23 11:02:00,,CDf8,,#480,749,449,2,湿地,湿地の兵舎,都市,first_occupy,CDf8,medium,visible_time,"連盟CDf8がLV.2湿地の兵舎 #480(X:749,Y:449)を占領"
IMG_0742.PNG,/Users/mba2025/Library/CloudStorage/GoogleDrive-ktzkstsh@gmail.com/.tmp/2584/拠点取得スクショ/IMG_0742.PNG,timeline_chat,2026/05/23 20:59:00,,BAJ,,#440,549,349,3,密林,密林の集会場,都市,first_occupy,BAJ,medium,visible_time,"連盟BAがLV.3密林の集会場 #440(X:549,Y:349)を占領"
IMG_0742.PNG,/Users/mba2025/Library/CloudStorage/GoogleDrive-ktzkstsh@gmail.com/.tmp/2584/拠点取得スクショ/IMG_0742.PNG,timeline_chat,2026/05/23 20:59:00,,one,,#503,549,349,3,湿地,湿地の集会場,都市,first_occupy,one,medium,visible_time,"連盟oneがLV.3湿地の集会場 #503(X:549,Y:349)を占領"
IMG_0742.PNG,/Users/mba2025/Library/CloudStorage/GoogleDrive-ktzkstsh@gmail.com/.tmp/2584/拠点取得スクショ/IMG_0742.PNG,timeline_chat,2026/05/23 20:59:00,,BAJ,,#440,649,349,3,密林,密林の集会場,都市,first_occupy,BAJ,medium,visible_time,"連盟BAがLV.3密林の集会場 #440(X:649,Y:349)を占領"
IMG_0743.PNG,/Users/mba2025/Library/CloudStorage/GoogleDrive-ktzkstsh@gmail.com/.tmp/2584/拠点取得スクショ/IMG_0743.PNG,timeline_chat,2026/05/23 21:05:00,,BAJ,,#440,649,349,3,密林,密林の集会場,都市,first_occupy,BAJ,low,previous_image_visible_time,"連盟BAがLV.3密林の集会場 #440(X:649,Y:349)を占領"
IMG_0743.PNG,/Users/mba2025/Library/CloudStorage/GoogleDrive-ktzkstsh@gmail.com/.tmp/2584/拠点取得スクショ/IMG_0743.PNG,timeline_chat,2026/05/23 21:05:00,,Lghs,,#503,449,349,3,湿地,湿地の集会場,都市,first_occupy,Lghs,medium,visible_time,"連盟LghsがLV.3湿地の集会場 #503(X:449,Y:349)を占領"
IMG_0743.PNG,/Users/mba2025/Library/CloudStorage/GoogleDrive-ktzkstsh@gmail.com/.tmp/2584/拠点取得スクショ/IMG_0743.PNG,timeline_chat,2026/05/23 21:05:00,,one,,#503,549,149,1,湿地,湿地の村,都市,first_occupy,one,medium,visible_time,"連盟oneがLV.1湿地の村 #503(X:549,Y:149) を占領"
IMG_0743.PNG,/Users/mba2025/Library/CloudStorage/GoogleDrive-ktzkstsh@gmail.com/.tmp/2584/拠点取得スクショ/IMG_0743.PNG,timeline_chat,2026/05/23 21:05:00,,aTA,,#440,199,699,2,,漁場,漁場,occupy,aTA,medium,visible_time,"連盟aTAがLV.2漁場 #440(X:199,Y:699)を占 領"
IMG_0744.PNG,/Users/mba2025/Library/CloudStorage/GoogleDrive-ktzkstsh@gmail.com/.tmp/2584/拠点取得スクショ/IMG_0744.PNG,timeline_chat,2026/05/23 21:15:00,,Lghs,,#503,349,449,3,湿地,湿地の集会場,都市,first_occupy,Lghs,low,previous_image_visible_time,"連盟LghsがLV.3湿地の集会場 #503(X:349,Y:449)を占領"
IMG_0744.PNG,/Users/mba2025/Library/CloudStorage/GoogleDrive-ktzkstsh@gmail.com/.tmp/2584/拠点取得スクショ/IMG_0744.PNG,timeline_chat,2026/05/23 21:15:00,,GcC,,#440,649,549,3,密林,密林の集会場,都市,first_occupy,GcC,medium,visible_time,"連盟GcCがLV.3密林の集会場 #440(X:649,Y:549)を占領"
IMG_0744.PNG,/Users/mba2025/Library/CloudStorage/GoogleDrive-ktzkstsh@gmail.com/.tmp/2584/拠点取得スクショ/IMG_0744.PNG,timeline_chat,2026/05/23 21:58:00,,GcC,,#440,649,449,3,密林,密林の集会場,都市,first_occupy,GcC,medium,visible_time,"連盟GCCがLV.3密林の集会場 #440(X:649,Y:449)を占領"
IMG_0745.PNG,/Users/mba2025/Library/CloudStorage/GoogleDrive-ktzkstsh@gmail.com/.tmp/2584/拠点取得スクショ/IMG_0745.PNG,timeline_chat,2026/05/23 22:40:00,,BgNa,,#480,349,549,3,湿地,湿地の集会場,都市,first_occupy,BgNa,low,previous_image_visible_time,"連盟BgNaがLV.3湿地の集会場 #480(X:349,Y:549)を占領"
IMG_0745.PNG,/Users/mba2025/Library/CloudStorage/GoogleDrive-ktzkstsh@gmail.com/.tmp/2584/拠点取得スクショ/IMG_0745.PNG,timeline_chat,2026/05/23 22:40:00,,BgNa,,#480,349,449,3,湿地,湿地の集会場,都市,first_occupy,BgNa,medium,visible_time,"連盟BgNaがLV.3湿地の集会場 #480(X:349,Y:449)を占領"
IMG_0745.PNG,/Users/mba2025/Library/CloudStorage/GoogleDrive-ktzkstsh@gmail.com/.tmp/2584/拠点取得スクショ/IMG_0745.PNG,timeline_chat,2026/05/23 22:40:00,,FarM,,#503,349,749,2,湿地,湿地の兵舎,都市,first_occupy,FarM,medium,visible_time,"連盟FarMがLV.2湿地の兵舎 #503(X:349,Y:749)を占領"
IMG_0745.PNG,/Users/mba2025/Library/CloudStorage/GoogleDrive-ktzkstsh@gmail.com/.tmp/2584/拠点取得スクショ/IMG_0745.PNG,timeline_chat,2026/05/23 22:52:00,,W6f,,#534,949,149,1,密林,密林の村,都市,first_occupy,W6f,medium,visible_time,"連盟w6fがLV.1密林の村#534(X:949,Y:149) を占領"
IMG_0746.PNG,/Users/mba2025/Library/CloudStorage/GoogleDrive-ktzkstsh@gmail.com/.tmp/2584/拠点取得スクショ/IMG_0746.PNG,timeline_chat,2026/05/23 23:01:00,,nO9,,#534,149,249,1,密林,密林の村,都市,first_occupy,nO9,low,previous_image_visible_time,"連盟nO9がLV.1密林の村 #534(X:149,Y:249) を占領"
IMG_0746.PNG,/Users/mba2025/Library/CloudStorage/GoogleDrive-ktzkstsh@gmail.com/.tmp/2584/拠点取得スクショ/IMG_0746.PNG,timeline_chat,2026/05/23 23:01:00,,WbW,,#511,799,699,2,,漁場,漁場,occupy,WbW,medium,visible_time,"連盟WbWがLV.2漁場 #511(X:799,Y:699)を 占領"
IMG_0746.PNG,/Users/mba2025/Library/CloudStorage/GoogleDrive-ktzkstsh@gmail.com/.tmp/2584/拠点取得スクショ/IMG_0746.PNG,timeline_chat,2026/05/23 23:07:00,,TIKW,SsQ,#509,978,299,1,,漁場,漁場,steal,TIKW,medium,visible_time,"連盟TIKWは連盟SSQのLV.1漁場 #509(X:978,Y:299)を奪い"
IMG_0746.PNG,/Users/mba2025/Library/CloudStorage/GoogleDrive-ktzkstsh@gmail.com/.tmp/2584/拠点取得スクショ/IMG_0746.PNG,timeline_chat,2026/05/23 23:07:00,,fzn,0TT,#509,799,899,1,,漁場,漁場,steal,fzn,medium,visible_time,"連盟fznは連盟OTTのLV.1漁場 #509(X:799,Y:899)を奪い"
IMG_0747.PNG,/Users/mba2025/Library/CloudStorage/GoogleDrive-ktzkstsh@gmail.com/.tmp/2584/拠点取得スクショ/IMG_0747.PNG,timeline_chat,2026/05/23 23:07:00,,GcC,BgNa,#480,499,199,2,,漁場,漁場,steal,GcC,low,previous_image_visible_time,"連盟GCCは連盟BgNaのLV.2漁場 #480(X:499,Y:199)を奪い"
IMG_0747.PNG,/Users/mba2025/Library/CloudStorage/GoogleDrive-ktzkstsh@gmail.com/.tmp/2584/拠点取得スクショ/IMG_0747.PNG,timeline_chat,2026/05/23 23:07:00,,BAJ,MtG,#8061,924,624,6,,漁場,漁場,steal,BAJ,low,previous_image_visible_time,"連盟BAは連盟MtGのLV.6漁場 #8061(X:924,Y:624)を奪い"
IMG_0747.PNG,/Users/mba2025/Library/CloudStorage/GoogleDrive-ktzkstsh@gmail.com/.tmp/2584/拠点取得スクショ/IMG_0747.PNG,timeline_chat,2026/05/23 23:07:00,,NBNH,DaNG,#511,499,799,2,,漁場,漁場,steal,NBNH,low,previous_image_visible_time,"連盟NBNHは連盟DaNGのLV.2漁場 #511(X:499,Y:799)を奪い"
IMG_0747.PNG,/Users/mba2025/Library/CloudStorage/GoogleDrive-ktzkstsh@gmail.com/.tmp/2584/拠点取得スクショ/IMG_0747.PNG,timeline_chat,2026/05/23 23:07:00,,UMN,0TT,#509,899,799,1,,漁場,漁場,steal,UMN,low,previous_image_visible_time,"連盟UMNは連盟OTTのLV.1漁場 #509(X:899,Y:799)を奪い"
IMG_0748.PNG,/Users/mba2025/Library/CloudStorage/GoogleDrive-ktzkstsh@gmail.com/.tmp/2584/拠点取得スクショ/IMG_0748.PNG,timeline_chat,2026/05/23 23:07:00,,nO9,,#534,99,99,1,,漁場,漁場,occupy,nO9,low,previous_image_visible_time,"連盟nO9がLV.1漁場 #534(X:99,Y:99)を占領"
IMG_0748.PNG,/Users/mba2025/Library/CloudStorage/GoogleDrive-ktzkstsh@gmail.com/.tmp/2584/拠点取得スクショ/IMG_0748.PNG,timeline_chat,2026/05/23 23:07:00,,ALj,JL0,#523,899,799,1,,漁場,漁場,steal,ALj,low,previous_image_visible_time,"連盟ALjは連盟JLOのLV.1漁場 #523(X:899,Y:799)を奪い"
IMG_0748.PNG,/Users/mba2025/Library/CloudStorage/GoogleDrive-ktzkstsh@gmail.com/.tmp/2584/拠点取得スクショ/IMG_0748.PNG,timeline_chat,2026/05/23 23:07:00,,fIrE,JL0,#511,299,699,3,,漁場,漁場,steal,fIrE,low,previous_image_visible_time,"連盟fIrEは連盟JLOのLV.3漁場 #511(X:299,Y:699)を奪い"
IMG_0748.PNG,/Users/mba2025/Library/CloudStorage/GoogleDrive-ktzkstsh@gmail.com/.tmp/2584/拠点取得スクショ/IMG_0748.PNG,timeline_chat,2026/05/23 23:07:00,,GoDs,WbW,#480,299,199,2,,漁場,漁場,steal,GoDs,low,previous_image_visible_time,"連盟GoDSは連盟WbWのLV.2漁場 #480(X:299,Y:199)を奪い"
IMG_0749.PNG,/Users/mba2025/Library/CloudStorage/GoogleDrive-ktzkstsh@gmail.com/.tmp/2584/拠点取得スクショ/IMG_0749.PNG,timeline_chat,2026/05/23 23:07:00,,CDf8,SVa,#511,978,978,1,,漁場,漁場,steal,CDf8,low,previous_image_visible_time,"連盟CDf8は連盟SVaのLV.1漁場 #511(X:978,Y:978)を奪い"
IMG_0749.PNG,/Users/mba2025/Library/CloudStorage/GoogleDrive-ktzkstsh@gmail.com/.tmp/2584/拠点取得スクショ/IMG_0749.PNG,timeline_chat,2026/05/23 23:07:00,,GcC,MtG,#8061,974,624,5,,漁場,漁場,steal,GcC,low,previous_image_visible_time,"連盟GcCは連盟MtGのLV.5漁場 #8061(X:974,Y:624)を奪い"
IMG_0749.PNG,/Users/mba2025/Library/CloudStorage/GoogleDrive-ktzkstsh@gmail.com/.tmp/2584/拠点取得スクショ/IMG_0749.PNG,timeline_chat,2026/05/23 23:07:00,,89M,,#534,949,549,1,密林,密林の村,都市,first_occupy,89M,low,previous_image_visible_time,"連盟89MがLV.1密林の村#534(X:949,Y:549) を占領"
IMG_0749.PNG,/Users/mba2025/Library/CloudStorage/GoogleDrive-ktzkstsh@gmail.com/.tmp/2584/拠点取得スクショ/IMG_0749.PNG,timeline_chat,2026/05/23 23:07:00,,f4j,,#534,549,849,1,密林,密林の村,都市,occupy,f4j,low,previous_image_visible_time,"連盟f4jがLV.1密林の村 #534(X:549,Y:849)を 占領"
IMG_0750.PNG,/Users/mba2025/Library/CloudStorage/GoogleDrive-ktzkstsh@gmail.com/.tmp/2584/拠点取得スクショ/IMG_0750.PNG,timeline_chat,2026/05/23 23:14:00,,EDFS,2N7,#523,978,299,1,,漁場,漁場,steal,EDFS,low,previous_image_visible_time,"連盟EDFSは連盟2N7のLV.1漁場 #523(X:978,Y:299)を奪い"
IMG_0750.PNG,/Users/mba2025/Library/CloudStorage/GoogleDrive-ktzkstsh@gmail.com/.tmp/2584/拠点取得スクショ/IMG_0750.PNG,timeline_chat,2026/05/23 23:14:00,,BgNa,SVa,#511,699,699,3,,漁場,漁場,steal,BgNa,low,previous_image_visible_time,"連盟BgNaは連盟SVaのLV.3漁場 #511(X:699,Y:699)を奪い"
IMG_0750.PNG,/Users/mba2025/Library/CloudStorage/GoogleDrive-ktzkstsh@gmail.com/.tmp/2584/拠点取得スクショ/IMG_0750.PNG,timeline_chat,2026/05/23 23:14:00,,476M,,#476,549,49,1,湿地,湿地の村,都市,first_occupy,476M,low,previous_image_visible_time,"連盟476MがLV.1湿地の村 #476(X:549,Y:49) を占領"
IMG_0750.PNG,/Users/mba2025/Library/CloudStorage/GoogleDrive-ktzkstsh@gmail.com/.tmp/2584/拠点取得スクショ/IMG_0750.PNG,timeline_chat,2026/05/23 23:14:00,,K4TR,2N7,#523,978,199,1,,漁場,漁場,steal,K4TR,low,previous_image_visible_time,"連盟K4TRは連盟2N7のLV.1漁場 #523(X:978,Y:199)を奪い"
IMG_0751.PNG,/Users/mba2025/Library/CloudStorage/GoogleDrive-ktzkstsh@gmail.com/.tmp/2584/拠点取得スクショ/IMG_0751.PNG,timeline_chat,2026/05/23 23:14:00,,one,SsQ,#509,978,20,1,,漁場,漁場,steal,one,low,previous_image_visible_time,"連盟oneは連盟SSQのLV.1漁場 #509(X:978,Y:20)を奪い"
IMG_0751.PNG,/Users/mba2025/Library/CloudStorage/GoogleDrive-ktzkstsh@gmail.com/.tmp/2584/拠点取得スクショ/IMG_0751.PNG,timeline_chat,2026/05/23 23:14:00,,476B,,#476,449,349,3,湿地,湿地の集会場,都市,first_occupy,476B,low,previous_image_visible_time,"連盟476BがLV.3湿地の集会場 #476(X:449,Y:349)を占領"
IMG_0751.PNG,/Users/mba2025/Library/CloudStorage/GoogleDrive-ktzkstsh@gmail.com/.tmp/2584/拠点取得スクショ/IMG_0751.PNG,timeline_chat,2026/05/23 23:14:00,,476M,,#476,449,49,1,湿地,湿地の村,都市,occupy,476M,low,previous_image_visible_time,"連盟476MがLV.1湿地の村 #476(X:449,Y:49) を占領"
IMG_0751.PNG,/Users/mba2025/Library/CloudStorage/GoogleDrive-ktzkstsh@gmail.com/.tmp/2584/拠点取得スクショ/IMG_0751.PNG,timeline_chat,2026/05/23 23:14:00,,RGWC,,#534,199,699,2,,漁場,漁場,occupy,RGWC,low,previous_image_visible_time,"連盟RGWCがLV.2漁場 #534(X:199,Y:699)を 占領"
IMG_0751.PNG,/Users/mba2025/Library/CloudStorage/GoogleDrive-ktzkstsh@gmail.com/.tmp/2584/拠点取得スクショ/IMG_0751.PNG,timeline_chat,2026/05/23 23:14:00,,WUG,,#511,299,599,3,,漁場,漁場,occupy,WUG,low,previous_image_visible_time,"連盟WUGがLV.3漁場 #511(X:299,Y:599)を 占領"
IMG_0752.PNG,/Users/mba2025/Library/CloudStorage/GoogleDrive-ktzkstsh@gmail.com/.tmp/2584/拠点取得スクショ/IMG_0752.PNG,timeline_chat,2026/05/23 23:14:00,,NBNH,DaNG,#511,499,699,3,,漁場,漁場,steal,NBNH,low,previous_image_visible_time,"連盟NBNHは連盟DaNGのLV.3漁場 #511(X:499,Y:699)を奪い"
IMG_0752.PNG,/Users/mba2025/Library/CloudStorage/GoogleDrive-ktzkstsh@gmail.com/.tmp/2584/拠点取得スクショ/IMG_0752.PNG,timeline_chat,2026/05/23 23:14:00,,Stj,,#509,799,799,2,,漁場,漁場,occupy,Stj,low,previous_image_visible_time,"連盟StjがLV.2漁場 #509(X:799,Y:799)を占 領"
IMG_0752.PNG,/Users/mba2025/Library/CloudStorage/GoogleDrive-ktzkstsh@gmail.com/.tmp/2584/拠点取得スクショ/IMG_0752.PNG,timeline_chat,2026/05/23 23:14:00,,476X,,#511,499,899,1,,漁場,漁場,occupy,476X,low,previous_image_visible_time,"連盟476XがLV.1漁場 #511(X:499,Y:899)を 占領"
IMG_0752.PNG,/Users/mba2025/Library/CloudStorage/GoogleDrive-ktzkstsh@gmail.com/.tmp/2584/拠点取得スクショ/IMG_0752.PNG,timeline_chat,2026/05/23 23:14:00,,CDf8,,#511,899,899,1,,漁場,漁場,occupy,CDf8,low,previous_image_visible_time,"連盟CDf8がLV.1漁場 #511(X:899,Y:899)を 占領"
IMG_0752.PNG,/Users/mba2025/Library/CloudStorage/GoogleDrive-ktzkstsh@gmail.com/.tmp/2584/拠点取得スクショ/IMG_0752.PNG,timeline_chat,2026/05/23 23:14:00,,476Z,JL0,#523,899,899,1,,漁場,漁場,steal,476Z,low,previous_image_visible_time,"連盟476Zは連盟JLOのLV.1漁場 #523(X:899,Y:899)を奪い"
IMG_0753.PNG,/Users/mba2025/Library/CloudStorage/GoogleDrive-ktzkstsh@gmail.com/.tmp/2584/拠点取得スクショ/IMG_0753.PNG,timeline_chat,2026/05/23 23:14:00,,GoDs,WbW,#480,299,299,3,,漁場,漁場,steal,GoDs,low,previous_image_visible_time,"連盟GoDSは連盟WbWのLV.3漁場 #480(X:299,Y:299)を奪い"
IMG_0753.PNG,/Users/mba2025/Library/CloudStorage/GoogleDrive-ktzkstsh@gmail.com/.tmp/2584/拠点取得スクショ/IMG_0753.PNG,timeline_chat,2026/05/23 23:14:00,,RGWC,,#534,299,699,3,,漁場,漁場,occupy,RGWC,low,previous_image_visible_time,"連盟RGWCがLV.3漁場 #534(X:299,Y:699)を 占領"
IMG_0753.PNG,/Users/mba2025/Library/CloudStorage/GoogleDrive-ktzkstsh@gmail.com/.tmp/2584/拠点取得スクショ/IMG_0753.PNG,timeline_chat,2026/05/23 23:24:00,,RCON,SsQ,#8061,924,874,6,,漁場,漁場,steal,RCON,medium,visible_time,"連盟RCONは連盟SSQのLV.6漁場 #8061(X:924,Y:874)を奪い"
IMG_0753.PNG,/Users/mba2025/Library/CloudStorage/GoogleDrive-ktzkstsh@gmail.com/.tmp/2584/拠点取得スクショ/IMG_0753.PNG,timeline_chat,2026/05/23 23:24:00,,Dao,,#534,749,949,1,密林,密林の村,都市,occupy,Dao,medium,visible_time,"連盟DaoがLV.1密林の村 #534(X:749,Y:949) を占領"
IMG_0753.PNG,/Users/mba2025/Library/CloudStorage/GoogleDrive-ktzkstsh@gmail.com/.tmp/2584/拠点取得スクショ/IMG_0753.PNG,timeline_chat,2026/05/23 23:24:00,,one,FHX,#8061,924,974,5,,漁場,漁場,steal,one,medium,visible_time,"連盟oneは連盟FHXのLV.5漁場 #8061(X:924,Y:974)を奪い"
IMG_0754.PNG,/Users/mba2025/Library/CloudStorage/GoogleDrive-ktzkstsh@gmail.com/.tmp/2584/拠点取得スクショ/IMG_0754.PNG,timeline_chat,2026/05/23 23:24:00,,5DU,2N7,#511,20,399,1,,漁場,漁場,steal,5DU,low,previous_image_visible_time,"連盟5DUは連盟2N7のLV.1漁場 #511(X:20,Y:399)を奪い"
IMG_0754.PNG,/Users/mba2025/Library/CloudStorage/GoogleDrive-ktzkstsh@gmail.com/.tmp/2584/拠点取得スクショ/IMG_0754.PNG,timeline_chat,2026/05/23 23:24:00,,fIrE,,#511,299,499,3,,漁場,漁場,occupy,fIrE,low,previous_image_visible_time,"連盟fIrEがLV.3漁場 #511(X:299,Y:499)を占 領"
IMG_0754.PNG,/Users/mba2025/Library/CloudStorage/GoogleDrive-ktzkstsh@gmail.com/.tmp/2584/拠点取得スクショ/IMG_0754.PNG,timeline_chat,2026/05/23 23:24:00,,JDX,,#509,299,299,3,,漁場,漁場,occupy,JDX,low,previous_image_visible_time,"連盟DXがLV.3漁場 #509(X:299,Y:299)を占 領"
IMG_0754.PNG,/Users/mba2025/Library/CloudStorage/GoogleDrive-ktzkstsh@gmail.com/.tmp/2584/拠点取得スクショ/IMG_0754.PNG,timeline_chat,2026/05/23 23:24:00,,BAJ,,#480,299,399,3,,漁場,漁場,occupy,BAJ,low,previous_image_visible_time,"連盟BAがLV.3漁場 #480(X:299,Y:399)を占 領"
IMG_0754.PNG,/Users/mba2025/Library/CloudStorage/GoogleDrive-ktzkstsh@gmail.com/.tmp/2584/拠点取得スクショ/IMG_0754.PNG,timeline_chat,2026/05/23 23:24:00,,KTVS,,#534,749,649,2,密林,密林の兵舎,都市,first_occupy,KTVS,low,previous_image_visible_time,"連盟KTVSがLV.2密林の兵舎 #534(X:749,Y:649)を占領"
IMG_0755.PNG,/Users/mba2025/Library/CloudStorage/GoogleDrive-ktzkstsh@gmail.com/.tmp/2584/拠点取得スクショ/IMG_0755.PNG,timeline_chat,2026/05/23 23:24:00,,BAJ,,#480,299,399,3,,漁場,漁場,occupy,BAJ,low,previous_image_visible_time,"連盟BAがLV.3漁場 #480(X:299,Y:399)を占 領"
IMG_0755.PNG,/Users/mba2025/Library/CloudStorage/GoogleDrive-ktzkstsh@gmail.com/.tmp/2584/拠点取得スクショ/IMG_0755.PNG,timeline_chat,2026/05/23 23:24:00,,KTVS,,#534,749,649,2,密林,密林の兵舎,都市,first_occupy,KTVS,low,previous_image_visible_time,"連盟KTVSがLV.2密林の兵舎 #534(X:749,Y:649)を占領"
IMG_0755.PNG,/Users/mba2025/Library/CloudStorage/GoogleDrive-ktzkstsh@gmail.com/.tmp/2584/拠点取得スクショ/IMG_0755.PNG,timeline_chat,2026/05/23 23:24:00,,AAOA,PmP,#480,20,299,1,,漁場,漁場,steal,AAOA,low,previous_image_visible_time,"連盟AAOAは連盟PmPのLV.1漁場 #480(X:20,Y:299)を奪い"
IMG_0755.PNG,/Users/mba2025/Library/CloudStorage/GoogleDrive-ktzkstsh@gmail.com/.tmp/2584/拠点取得スクショ/IMG_0755.PNG,timeline_chat,2026/05/23 23:24:00,,TkTk,SsQ,#8061,924,824,6,,漁場,漁場,steal,TkTk,low,previous_image_visible_time,"連盟TkTkは連盟SSQのLV.6漁場 #8061(X:924,Y:824)を奪い"
IMG_0861.PNG,/Users/mba2025/Library/CloudStorage/GoogleDrive-ktzkstsh@gmail.com/.tmp/2584/拠点取得スクショ/IMG_0861.PNG,timeline_chat,2026/05/23 23:35:00,,K4TR,,#523,249,149,1,湿地,湿地の村,都市,first_occupy,K4TR,low,previous_image_visible_time,"連盟K4TRがLV.1湿地の村 #523(X:249,Y:149)を占領"
IMG_0861.PNG,/Users/mba2025/Library/CloudStorage/GoogleDrive-ktzkstsh@gmail.com/.tmp/2584/拠点取得スクショ/IMG_0861.PNG,timeline_chat,2026/05/24 00:45:00,,JL0,,#511,299,399,3,,漁場,漁場,occupy,JL0,medium,visible_time,"連盟JLOがLV.3漁場 #511(X:299,Y:399)を占 領"
IMG_0861.PNG,/Users/mba2025/Library/CloudStorage/GoogleDrive-ktzkstsh@gmail.com/.tmp/2584/拠点取得スクショ/IMG_0861.PNG,timeline_chat,2026/05/24 00:45:00,,u3o,,#511,99,99,1,,漁場,漁場,occupy,u3o,medium,visible_time,"連盟u30がLV.1漁場 #511(X:99,Y:99)を占領"
IMG_0862.PNG,/Users/mba2025/Library/CloudStorage/GoogleDrive-ktzkstsh@gmail.com/.tmp/2584/拠点取得スクショ/IMG_0862.PNG,timeline_chat,2026/05/24 00:50:00,,JL0,,#511,599,299,3,,漁場,漁場,occupy,JL0,low,previous_image_visible_time,"連盟LOがLV.3漁場 #511(X:599,Y:299)を占 領"
IMG_0862.PNG,/Users/mba2025/Library/CloudStorage/GoogleDrive-ktzkstsh@gmail.com/.tmp/2584/拠点取得スクショ/IMG_0862.PNG,timeline_chat,2026/05/24 00:50:00,,476A,,#476,449,649,3,湿地,湿地の集会場,都市,first_occupy,476A,low,previous_image_visible_time,"連盟476AがLV.3湿地の集会場 #476(X:449,Y:649)を占領"
IMG_0862.PNG,/Users/mba2025/Library/CloudStorage/GoogleDrive-ktzkstsh@gmail.com/.tmp/2584/拠点取得スクショ/IMG_0862.PNG,timeline_chat,2026/05/24 01:06:00,,476A,,#476,549,649,3,湿地,湿地の集会場,都市,first_occupy,476A,medium,visible_time,"連盟476AがLV.3湿地の集会場 #476(X:549,Y:649)を占領"
IMG_0862.PNG,/Users/mba2025/Library/CloudStorage/GoogleDrive-ktzkstsh@gmail.com/.tmp/2584/拠点取得スクショ/IMG_0862.PNG,timeline_chat,2026/05/24 01:06:00,,JL2,,#511,199,499,2,,漁場,漁場,occupy,JL2,medium,visible_time,"連盟L2がLV.2漁場 #511(X:199,Y:499)を占 領"
IMG_0863.PNG,/Users/mba2025/Library/CloudStorage/GoogleDrive-ktzkstsh@gmail.com/.tmp/2584/拠点取得スクショ/IMG_0863.PNG,timeline_chat,2026/05/24 01:14:00,,JL2,,#511,199,499,2,,漁場,漁場,occupy,JL2,low,previous_image_visible_time,"連盟L2がLV.2漁場 #511(X:199,Y:499)を占 領"
IMG_0863.PNG,/Users/mba2025/Library/CloudStorage/GoogleDrive-ktzkstsh@gmail.com/.tmp/2584/拠点取得スクショ/IMG_0863.PNG,timeline_chat,2026/05/24 01:14:00,,sbM,,#511,699,399,3,,漁場,漁場,occupy,sbM,medium,visible_time,"連盟sbMがLV.3漁場 #511(X:699,Y:399)を占 領"
IMG_0863.PNG,/Users/mba2025/Library/CloudStorage/GoogleDrive-ktzkstsh@gmail.com/.tmp/2584/拠点取得スクショ/IMG_0863.PNG,timeline_chat,2026/05/24 01:28:00,,EDFS,,#523,149,349,1,湿地,湿地の村,都市,first_occupy,EDFS,medium,visible_time,"連盟EDFSがLV.1湿地の村#523(X:149,Y:349) を占領"
IMG_0864.PNG,/Users/mba2025/Library/CloudStorage/GoogleDrive-ktzkstsh@gmail.com/.tmp/2584/拠点取得スクショ/IMG_0864.PNG,timeline_chat,2026/05/24 01:32:00,,EDFS,,#523,149,249,1,湿地,湿地の村,都市,first_occupy,EDFS,low,previous_image_visible_time,"連盟EDFSがLV.1湿地の村 #523(X:149,Y:249) を占領"
IMG_0865.PNG,/Users/mba2025/Library/CloudStorage/GoogleDrive-ktzkstsh@gmail.com/.tmp/2584/拠点取得スクショ/IMG_0865.PNG,timeline_chat,2026/05/24 02:04:00,,476H,,#476,149,549,1,湿地,湿地の村,都市,first_occupy,476H,low,previous_image_visible_time,"連盟476HがLV.1湿地の村 #476(X:149,Y:549)を占領"
IMG_0865.PNG,/Users/mba2025/Library/CloudStorage/GoogleDrive-ktzkstsh@gmail.com/.tmp/2584/拠点取得スクショ/IMG_0865.PNG,timeline_chat,2026/05/24 02:04:00,,DOLU,,#440,499,199,2,,漁場,漁場,occupy,DOLU,low,previous_image_visible_time,"連盟DOLUがLV.2漁場 #440(X:499,Y:199)を 占領"
IMG_0865.PNG,/Users/mba2025/Library/CloudStorage/GoogleDrive-ktzkstsh@gmail.com/.tmp/2584/拠点取得スクショ/IMG_0865.PNG,timeline_chat,2026/05/24 02:47:00,,476H,,#476,99,499,1,,漁場,漁場,occupy,476H,medium,visible_time,"連盟476HがLV.1漁場 #476(X:99,Y:499)を占 領"
IMG_0865.PNG,/Users/mba2025/Library/CloudStorage/GoogleDrive-ktzkstsh@gmail.com/.tmp/2584/拠点取得スクショ/IMG_0865.PNG,timeline_chat,2026/05/24 03:29:00,,UrE,,#523,20,978,1,,漁場,漁場,occupy,UrE,medium,visible_time,"連盟UrEがLV.1漁場 #523(X:20,Y:978)を占領"
IMG_0866.PNG,/Users/mba2025/Library/CloudStorage/GoogleDrive-ktzkstsh@gmail.com/.tmp/2584/拠点取得スクショ/IMG_0866.PNG,timeline_chat,2026/05/24 03:32:00,,UrE,,#523,20,978,1,,漁場,漁場,occupy,UrE,low,previous_image_visible_time,"連盟UrEがLV.1漁場 #523(X:20,Y:978)を占領"
IMG_0866.PNG,/Users/mba2025/Library/CloudStorage/GoogleDrive-ktzkstsh@gmail.com/.tmp/2584/拠点取得スクショ/IMG_0866.PNG,timeline_chat,2026/05/24 03:32:00,,476K,,#476,49,249,1,湿地,湿地の村,都市,first_occupy,476K,medium,visible_time,"連盟476KがLV.1湿地の村 #476(X:49,Y:249) を占領"
IMG_0866.PNG,/Users/mba2025/Library/CloudStorage/GoogleDrive-ktzkstsh@gmail.com/.tmp/2584/拠点取得スクショ/IMG_0866.PNG,timeline_chat,2026/05/24 03:32:00,,476K,,#476,149,249,1,湿地,湿地の村,都市,first_occupy,476K,medium,visible_time,"連盟476KがLV.1湿地の村 #476(X:149,Y:249) を占領"
IMG_0866.PNG,/Users/mba2025/Library/CloudStorage/GoogleDrive-ktzkstsh@gmail.com/.tmp/2584/拠点取得スクショ/IMG_0866.PNG,timeline_chat,2026/05/24 03:32:00,,476H,,#476,149,649,1,湿地,湿地の村,都市,first_occupy,476H,medium,visible_time,"連盟476HがLV.1湿地の村 #476(X:149,Y:649)を占領"
IMG_0867.PNG,/Users/mba2025/Library/CloudStorage/GoogleDrive-ktzkstsh@gmail.com/.tmp/2584/拠点取得スクショ/IMG_0867.PNG,timeline_chat,2026/05/24 04:13:00,,2N7,,#511,199,399,2,,漁場,漁場,occupy,2N7,low,previous_image_visible_time,"連盟2N7がLV.2漁場 #511(X:199,Y:399)を占 領"
IMG_0867.PNG,/Users/mba2025/Library/CloudStorage/GoogleDrive-ktzkstsh@gmail.com/.tmp/2584/拠点取得スクショ/IMG_0867.PNG,timeline_chat,2026/05/24 04:13:00,,2N7,,#511,199,299,2,,漁場,漁場,first_occupy,2N7,medium,visible_time,"連盟2N7がLV.2漁場 #511(X:199,Y:299)を占 領"
IMG_0868.PNG,/Users/mba2025/Library/CloudStorage/GoogleDrive-ktzkstsh@gmail.com/.tmp/2584/拠点取得スクショ/IMG_0868.PNG,timeline_chat,2026/05/24 04:30:00,,OWM,,#509,749,149,1,密林,密林の村,都市,first_occupy,OWM,low,previous_image_visible_time,"連盟OWMがLV.1密林の村 #509(X:749,Y:149)を占領"
IMG_0869.PNG,/Users/mba2025/Library/CloudStorage/GoogleDrive-ktzkstsh@gmail.com/.tmp/2584/拠点取得スクショ/IMG_0869.PNG,timeline_chat,2026/05/24 05:03:00,,AoW,,#509,849,149,1,密林,密林の村,都市,first_occupy,AoW,low,previous_image_visible_time,"連盟AoWがLV.1密林の村 #509(X:849,Y:149) を占領"
IMG_0869.PNG,/Users/mba2025/Library/CloudStorage/GoogleDrive-ktzkstsh@gmail.com/.tmp/2584/拠点取得スクショ/IMG_0869.PNG,timeline_chat,2026/05/24 05:03:00,,DOLU,,#440,649,149,1,密林,密林の村,都市,first_occupy,DOLU,medium,visible_time,"連盟DOLUがLV.1密林の村 #440(X:649,Y:149)を占領"
IMG_0870.PNG,/Users/mba2025/Library/CloudStorage/GoogleDrive-ktzkstsh@gmail.com/.tmp/2584/拠点取得スクショ/IMG_0870.PNG,timeline_chat,2026/05/24 05:27:00,,DOLU,,#440,549,149,1,密林,密林の村,都市,first_occupy,DOLU,low,previous_image_visible_time,"連盟DOLUがLV.1密林の村 #440(X:549,Y:149)を占領"
IMG_0870.PNG,/Users/mba2025/Library/CloudStorage/GoogleDrive-ktzkstsh@gmail.com/.tmp/2584/拠点取得スクショ/IMG_0870.PNG,timeline_chat,2026/05/24 05:27:00,,AoW,,#509,899,99,1,,漁場,漁場,occupy,AoW,low,previous_image_visible_time,"連盟AoWがLV.1漁場 #509(X:899,Y:99)を占 領"
IMG_0870.PNG,/Users/mba2025/Library/CloudStorage/GoogleDrive-ktzkstsh@gmail.com/.tmp/2584/拠点取得スクショ/IMG_0870.PNG,timeline_chat,2026/05/24 06:05:00,,AoW,,#509,849,49,1,密林,密林の村,都市,first_occupy,AoW,medium,visible_time,"連盟AoWがLV.1密林の村 #509(X:849,Y:49) を占領"
IMG_0870.PNG,/Users/mba2025/Library/CloudStorage/GoogleDrive-ktzkstsh@gmail.com/.tmp/2584/拠点取得スクショ/IMG_0870.PNG,timeline_chat,2026/05/24 06:13:00,,DOLU,,#440,399,199,2,,漁場,漁場,occupy,DOLU,medium,visible_time,"連盟DOLUがLV.2漁場 #440(X:399,Y:199)を 占領"
IMG_0871.PNG,/Users/mba2025/Library/CloudStorage/GoogleDrive-ktzkstsh@gmail.com/.tmp/2584/拠点取得スクショ/IMG_0871.PNG,timeline_chat,2026/05/24 06:13:00,,0TT,,#509,599,978,1,,漁場,漁場,occupy,0TT,low,previous_image_visible_time,"連盟OTTがLV.1漁場 #509(X:599,Y:978)を占 領"
IMG_0871.PNG,/Users/mba2025/Library/CloudStorage/GoogleDrive-ktzkstsh@gmail.com/.tmp/2584/拠点取得スクショ/IMG_0871.PNG,timeline_chat,2026/05/24 06:13:00,,2N7,,#511,449,249,2,密林,密林の兵舎,都市,first_occupy,2N7,low,previous_image_visible_time,"連盟2N7がLV.2密林の兵舎 #511(X:449,Y:249)を占領"
IMG_0871.PNG,/Users/mba2025/Library/CloudStorage/GoogleDrive-ktzkstsh@gmail.com/.tmp/2584/拠点取得スクショ/IMG_0871.PNG,timeline_chat,2026/05/24 07:08:00,,476A,SsQ,#509,599,299,3,,漁場,漁場,steal,476A,medium,visible_time,"連盟476Aは連盟SSQのLV.3漁場 #509(X:599,Y:299)7 を奪い"
IMG_0872.PNG,/Users/mba2025/Library/CloudStorage/GoogleDrive-ktzkstsh@gmail.com/.tmp/2584/拠点取得スクショ/IMG_0872.PNG,timeline_chat,2026/05/24 07:08:00,,476A,SsQ,#509,599,299,3,,漁場,漁場,steal,476A,low,previous_image_visible_time,"連盟476Aは連盟SSQのLV.3漁場 #509(X:599,Y:299)を奪い"
IMG_0872.PNG,/Users/mba2025/Library/CloudStorage/GoogleDrive-ktzkstsh@gmail.com/.tmp/2584/拠点取得スクショ/IMG_0872.PNG,timeline_chat,2026/05/24 07:08:00,,GX99,AOW,#509,699,499,3,,漁場,漁場,steal,GX99,medium,visible_time,"連盟GX99は連盟AOWのLV.3漁場 #509(X:699,Y:499)を奪い"
IMG_0872.PNG,/Users/mba2025/Library/CloudStorage/GoogleDrive-ktzkstsh@gmail.com/.tmp/2584/拠点取得スクショ/IMG_0872.PNG,timeline_chat,2026/05/24 07:08:00,,Lghs,MOn,#8061,824,974,5,,漁場,漁場,steal,Lghs,medium,visible_time,"連盟Lghsは連盟MOnのLV.5漁場 #8061(X:824,Y:974)を奪い"
IMG_0872.PNG,/Users/mba2025/Library/CloudStorage/GoogleDrive-ktzkstsh@gmail.com/.tmp/2584/拠点取得スクショ/IMG_0872.PNG,timeline_chat,2026/05/24 07:08:00,,476C,SHA,#534,299,199,2,,漁場,漁場,steal,476C,medium,visible_time,"連盟476Cは連盟SHAのLV.2漁場 #534(X:299,Y:199)を奪い"
IMG_0873.PNG,/Users/mba2025/Library/CloudStorage/GoogleDrive-ktzkstsh@gmail.com/.tmp/2584/拠点取得スクショ/IMG_0873.PNG,timeline_chat,2026/05/24 07:10:00,,AoW,,#509,899,199,1,,漁場,漁場,occupy,AoW,low,previous_image_visible_time,"連盟AoWがLV.1漁場#509(X:899,Y:199)を 占領"
IMG_0873.PNG,/Users/mba2025/Library/CloudStorage/GoogleDrive-ktzkstsh@gmail.com/.tmp/2584/拠点取得スクショ/IMG_0873.PNG,timeline_chat,2026/05/24 07:10:00,,KTVS,nO9,#534,99,20,1,,漁場,漁場,steal,KTVS,low,previous_image_visible_time,"連盟KTVSは連盟nO9のLV.1漁場 #534(X:99,Y:20)を奪い"
IMG_0873.PNG,/Users/mba2025/Library/CloudStorage/GoogleDrive-ktzkstsh@gmail.com/.tmp/2584/拠点取得スクショ/IMG_0873.PNG,timeline_chat,2026/05/24 07:10:00,,TIKW,FHX,#8061,874,924,6,,漁場,漁場,steal,TIKW,low,previous_image_visible_time,"連盟TIKWは連盟FHXのLV.6漁場 #8061(X:874,Y:924)を奪い"
IMG_0873.PNG,/Users/mba2025/Library/CloudStorage/GoogleDrive-ktzkstsh@gmail.com/.tmp/2584/拠点取得スクショ/IMG_0873.PNG,timeline_chat,2026/05/24 07:10:00,,Stj,AoW,#509,699,799,2,,漁場,漁場,steal,Stj,low,previous_image_visible_time,"連盟Stjは連盟AoWのLV.2漁場 #509(X:699,Y:799)を奪い"
IMG_0873.PNG,/Users/mba2025/Library/CloudStorage/GoogleDrive-ktzkstsh@gmail.com/.tmp/2584/拠点取得スクショ/IMG_0873.PNG,timeline_chat,2026/05/24 07:10:00,,5DU,,#523,649,249,2,湿地,湿地の兵舎,都市,first_occupy,5DU,low,previous_image_visible_time,"連盟5DUがLV.2湿地の兵舎 #523(X:649,Y:249)を占領"
IMG_0874.PNG,/Users/mba2025/Library/CloudStorage/GoogleDrive-ktzkstsh@gmail.com/.tmp/2584/拠点取得スクショ/IMG_0874.PNG,timeline_chat,2026/05/24 07:10:00,,5DU,,#523,649,249,2,湿地,湿地の兵舎,都市,first_occupy,5DU,low,previous_image_visible_time,"連盟5DUがLV.2湿地の兵舎 #523(X:649,Y:249)を占領"
IMG_0874.PNG,/Users/mba2025/Library/CloudStorage/GoogleDrive-ktzkstsh@gmail.com/.tmp/2584/拠点取得スクショ/IMG_0874.PNG,timeline_chat,2026/05/24 07:10:00,,fzn,AoW,#509,599,899,1,,漁場,漁場,steal,fzn,low,previous_image_visible_time,"連盟fznは連盟AoWのLV.1漁場 #509(X:599,Y:899)を奪い"
IMG_0874.PNG,/Users/mba2025/Library/CloudStorage/GoogleDrive-ktzkstsh@gmail.com/.tmp/2584/拠点取得スクショ/IMG_0874.PNG,timeline_chat,2026/05/24 07:10:00,,476C,SHAO,#534,399,199,2,,漁場,漁場,steal,476C,low,previous_image_visible_time,"連盟476Cは連盟SHAOのLV.2漁場 #534(X:399,Y:199)を奪い"
IMG_0874.PNG,/Users/mba2025/Library/CloudStorage/GoogleDrive-ktzkstsh@gmail.com/.tmp/2584/拠点取得スクショ/IMG_0874.PNG,timeline_chat,2026/05/24 07:16:00,,UMN,fzn,#503,20,978,1,,漁場,漁場,steal,UMN,medium,visible_time,"連盟UMNは連盟fznのLV.1漁場 #503(X:20,Y:978)を奪い"
IMG_0874.PNG,/Users/mba2025/Library/CloudStorage/GoogleDrive-ktzkstsh@gmail.com/.tmp/2584/拠点取得スクショ/IMG_0874.PNG,timeline_chat,2026/05/24 07:16:00,,476B,SHA,#534,299,299,3,,漁場,漁場,steal,476B,medium,visible_time,"連盟476Bは連盟SHAのLV.3漁場 #534(X:299,Y:299)を奪い"
IMG_0875.PNG,/Users/mba2025/Library/CloudStorage/GoogleDrive-ktzkstsh@gmail.com/.tmp/2584/拠点取得スクショ/IMG_0875.PNG,timeline_chat,2026/05/24 07:16:00,,5DU,,#523,549,149,1,湿地,湿地の村,都市,first_occupy,5DU,low,previous_image_visible_time,"連盟5DUがLV.1湿地の村 #523(X:549,Y:149) を占領"
IMG_0875.PNG,/Users/mba2025/Library/CloudStorage/GoogleDrive-ktzkstsh@gmail.com/.tmp/2584/拠点取得スクショ/IMG_0875.PNG,timeline_chat,2026/05/24 07:16:00,,xjR,0TT,#509,799,699,2,,漁場,漁場,steal,xjR,low,previous_image_visible_time,"連盟xjRは連盟OTTのLV.2漁場 #509(X:799,Y:699)を奪い"
IMG_0875.PNG,/Users/mba2025/Library/CloudStorage/GoogleDrive-ktzkstsh@gmail.com/.tmp/2584/拠点取得スクショ/IMG_0875.PNG,timeline_chat,2026/05/24 07:25:00,,476B,TRh,#534,499,199,2,,漁場,漁場,steal,476B,medium,visible_time,"連盟476Bは連盟TrhのLV.2漁場 #534(X:499,Y:199)を奪い"
IMG_0875.PNG,/Users/mba2025/Library/CloudStorage/GoogleDrive-ktzkstsh@gmail.com/.tmp/2584/拠点取得スクショ/IMG_0875.PNG,timeline_chat,2026/05/24 07:25:00,,PmP,,#480,199,199,2,,漁場,漁場,occupy,PmP,medium,visible_time,"連盟PmPがLV.2漁場 #480(X:199,Y:199)を 占領"
IMG_0876.PNG,/Users/mba2025/Library/CloudStorage/GoogleDrive-ktzkstsh@gmail.com/.tmp/2584/拠点取得スクショ/IMG_0876.PNG,timeline_chat,2026/05/24 07:25:00,,xjR,,#503,449,849,1,湿地,湿地の村,都市,first_occupy,xjR,low,previous_image_visible_time,"連盟xjRがLV.1湿地の村 #503(X:449,Y:849) を占領"
IMG_0876.PNG,/Users/mba2025/Library/CloudStorage/GoogleDrive-ktzkstsh@gmail.com/.tmp/2584/拠点取得スクショ/IMG_0876.PNG,timeline_chat,2026/05/24 07:25:00,,0TT,,#509,499,978,1,,漁場,漁場,occupy,0TT,low,previous_image_visible_time,"連盟OTTがLV.1漁場 #509(X:499,Y:978)を占 領"
IMG_0876.PNG,/Users/mba2025/Library/CloudStorage/GoogleDrive-ktzkstsh@gmail.com/.tmp/2584/拠点取得スクショ/IMG_0876.PNG,timeline_chat,2026/05/24 07:33:00,,xjR,,#503,549,849,1,湿地,湿地の村,都市,first_occupy,xjR,medium,visible_time,"連盟xjRがLV.1湿地の村 #503(X:549,Y:849) を占領"
IMG_0876.PNG,/Users/mba2025/Library/CloudStorage/GoogleDrive-ktzkstsh@gmail.com/.tmp/2584/拠点取得スクショ/IMG_0876.PNG,timeline_chat,2026/05/24 07:33:00,,ALj,JL2,#523,978,899,1,,漁場,漁場,steal,ALj,medium,visible_time,"連盟ALjは連盟L2のLV.1漁場 #523(X:978,Y:899)を奪い"
IMG_0877.PNG,/Users/mba2025/Library/CloudStorage/GoogleDrive-ktzkstsh@gmail.com/.tmp/2584/拠点取得スクショ/IMG_0877.PNG,timeline_chat,2026/05/24 07:43:00,,ALj,JL2,#523,978,899,1,,漁場,漁場,steal,ALj,low,previous_image_visible_time,"連盟ALjは連盟L2のLV.1漁場 #523(X:978,Y:899)を奪い"
IMG_0877.PNG,/Users/mba2025/Library/CloudStorage/GoogleDrive-ktzkstsh@gmail.com/.tmp/2584/拠点取得スクショ/IMG_0877.PNG,timeline_chat,2026/05/24 07:43:00,,BHE,,#509,299,799,2,,漁場,漁場,occupy,BHE,medium,visible_time,"連盟BHEがLV.2漁場 #509(X:299,Y:799)を占 領"
IMG_0877.PNG,/Users/mba2025/Library/CloudStorage/GoogleDrive-ktzkstsh@gmail.com/.tmp/2584/拠点取得スクショ/IMG_0877.PNG,timeline_chat,2026/05/24 07:43:00,,BHE,KOCH,#509,199,799,2,,漁場,漁場,steal,BHE,medium,visible_time,"連盟BHEは連盟KOCHのLV.2漁場 #509(X:199,Y:799)を奪い"
IMG_0877.PNG,/Users/mba2025/Library/CloudStorage/GoogleDrive-ktzkstsh@gmail.com/.tmp/2584/拠点取得スクショ/IMG_0877.PNG,timeline_chat,2026/05/24 07:55:00,,sbM,,#511,749,449,2,密林,密林の兵舎,都市,first_occupy,sbM,medium,visible_time,"連盟sbMがLV.2密林の兵舎 #511(X:749,Y:449)を占領"
IMG_0878.PNG,/Users/mba2025/Library/CloudStorage/GoogleDrive-ktzkstsh@gmail.com/.tmp/2584/拠点取得スクショ/IMG_0878.PNG,timeline_chat,2026/05/24 09:08:00,,SVa,,#511,749,749,2,密林,密林の兵舎,都市,first_occupy,SVa,low,previous_image_visible_time,"連盟SVaがLV.2密林の兵舎 #511(X:749,Y:749)を占領"
IMG_0878.PNG,/Users/mba2025/Library/CloudStorage/GoogleDrive-ktzkstsh@gmail.com/.tmp/2584/拠点取得スクショ/IMG_0878.PNG,timeline_chat,2026/05/24 09:08:00,,Stj,,#503,749,649,2,湿地,湿地の兵舎,都市,first_occupy,Stj,medium,visible_time,"連盟StjがLV.2湿地の兵舎 #503(X:749,Y:649) を占領"
IMG_0878.PNG,/Users/mba2025/Library/CloudStorage/GoogleDrive-ktzkstsh@gmail.com/.tmp/2584/拠点取得スクショ/IMG_0878.PNG,timeline_chat,2026/05/24 09:08:00,,Stj,,#503,649,549,3,湿地,湿地の集会場,都市,first_occupy,Stj,medium,visible_time,"連盟StjがLV.3湿地の集会場 #503(X:649,Y:549)を占領"
IMG_0878.PNG,/Users/mba2025/Library/CloudStorage/GoogleDrive-ktzkstsh@gmail.com/.tmp/2584/拠点取得スクショ/IMG_0878.PNG,timeline_chat,2026/05/24 09:13:00,,DaNG,,#8061,824,174,7,,漁場,漁場,occupy,DaNG,medium,visible_time,"連盟DaNGがLV.7漁場 #8061(X:824,Y:174) を占領"
IMG_0879.PNG,/Users/mba2025/Library/CloudStorage/GoogleDrive-ktzkstsh@gmail.com/.tmp/2584/拠点取得スクショ/IMG_0879.PNG,timeline_chat,2026/05/24 09:22:00,,SVa,,#8061,824,124,7,,漁場,漁場,occupy,SVa,low,previous_image_visible_time,"連盟SVaがLV.7漁場 #8061(X:824,Y:124)を 占領"
IMG_0879.PNG,/Users/mba2025/Library/CloudStorage/GoogleDrive-ktzkstsh@gmail.com/.tmp/2584/拠点取得スクショ/IMG_0879.PNG,timeline_chat,2026/05/24 09:32:00,,MOn,,#8061,874,874,7,,漁場,漁場,occupy,MOn,medium,visible_time,"連盟MOnがLV.7漁場 #8061(X:874,Y:874)を 占領"
IMG_0879.PNG,/Users/mba2025/Library/CloudStorage/GoogleDrive-ktzkstsh@gmail.com/.tmp/2584/拠点取得スクショ/IMG_0879.PNG,timeline_chat,2026/05/24 09:36:00,,WoW3,,#440,399,20,1,,漁場,漁場,first_occupy,WoW3,medium,visible_time,"連盟WoW3がLV.1漁場 #440(X:399,Y:20)を 占領"
IMG_0879.PNG,/Users/mba2025/Library/CloudStorage/GoogleDrive-ktzkstsh@gmail.com/.tmp/2584/拠点取得スクショ/IMG_0879.PNG,timeline_chat,2026/05/24 09:36:00,,COZy,,#503,399,20,1,,漁場,漁場,occupy,COZy,medium,visible_time,"連盟COZyがLV.1漁場 #503(X:399,Y:20)を占 領"
IMG_0880.PNG,/Users/mba2025/Library/CloudStorage/GoogleDrive-ktzkstsh@gmail.com/.tmp/2584/拠点取得スクショ/IMG_0880.PNG,timeline_chat,2026/05/24 10:03:00,,4tH,,#534,349,349,3,密林,密林の集会場,都市,first_occupy,4tH,low,previous_image_visible_time,"連盟4tHがLV.3密林の集会場 #534(X:349,Y:349)を占領"
IMG_0880.PNG,/Users/mba2025/Library/CloudStorage/GoogleDrive-ktzkstsh@gmail.com/.tmp/2584/拠点取得スクショ/IMG_0880.PNG,timeline_chat,2026/05/24 10:03:00,,COZy,,#480,399,978,1,,漁場,漁場,occupy,COZy,low,previous_image_visible_time,"連盟COZyがLV.1漁場 #480(X:399,Y:978)を 占領"
IMG_0880.PNG,/Users/mba2025/Library/CloudStorage/GoogleDrive-ktzkstsh@gmail.com/.tmp/2584/拠点取得スクショ/IMG_0880.PNG,timeline_chat,2026/05/24 10:06:00,,sbM,,#511,599,199,2,,漁場,漁場,occupy,sbM,medium,visible_time,"連盟sbMがLV.2漁場 #511(X:599,Y:199)を占 領"
IMG_0880.PNG,/Users/mba2025/Library/CloudStorage/GoogleDrive-ktzkstsh@gmail.com/.tmp/2584/拠点取得スクショ/IMG_0880.PNG,timeline_chat,2026/05/24 10:06:00,,Bye,,#480,499,978,1,,漁場,漁場,occupy,Bye,medium,visible_time,"連盟ByeがLV.1漁場 #480(X:499,Y:978)を占 領"
IMG_0881.PNG,/Users/mba2025/Library/CloudStorage/GoogleDrive-ktzkstsh@gmail.com/.tmp/2584/拠点取得スクショ/IMG_0881.PNG,timeline_chat,2026/05/24 10:06:00,,Bye,,#480,499,978,1,,漁場,漁場,occupy,Bye,low,previous_image_visible_time,"連盟ByeがLV.1漁場 #480(X:499,Y:978)を占 領"
IMG_0881.PNG,/Users/mba2025/Library/CloudStorage/GoogleDrive-ktzkstsh@gmail.com/.tmp/2584/拠点取得スクショ/IMG_0881.PNG,timeline_chat,2026/05/24 10:06:00,,4tH,,#534,449,649,3,密林,密林の集会場,都市,first_occupy,4tH,low,previous_image_visible_time,"連盟4tHがLV.3密林の集会場 #534(X:449,Y:649)を占領"
IMG_0881.PNG,/Users/mba2025/Library/CloudStorage/GoogleDrive-ktzkstsh@gmail.com/.tmp/2584/拠点取得スクショ/IMG_0881.PNG,timeline_chat,2026/05/24 10:06:00,,SHA,,#534,649,449,3,密林,密林の集会場,都市,first_occupy,SHA,low,previous_image_visible_time,"連盟SHAがLV.3密林の集会場 #534(X:649,Y:449)を占領"
IMG_0903.PNG,/Users/mba2025/Library/CloudStorage/GoogleDrive-ktzkstsh@gmail.com/.tmp/2584/拠点取得スクショ/IMG_0903.PNG,timeline_chat,2026/05/24 11:01:00,,BgNa,,#8061,824,74,6,,漁場,漁場,occupy,BgNa,low,previous_image_visible_time,"連盟BgNaがLV.6漁場 #8061(X:824,Y:74)を 占領"
IMG_0903.PNG,/Users/mba2025/Library/CloudStorage/GoogleDrive-ktzkstsh@gmail.com/.tmp/2584/拠点取得スクショ/IMG_0903.PNG,timeline_chat,2026/05/24 11:08:00,,476A,,#509,499,299,3,,漁場,漁場,occupy,476A,medium,visible_time,"連盟476AがLV.3漁場 #509(X:499,Y:299)を 占領"
IMG_0903.PNG,/Users/mba2025/Library/CloudStorage/GoogleDrive-ktzkstsh@gmail.com/.tmp/2584/拠点取得スクショ/IMG_0903.PNG,timeline_chat,2026/05/24 11:08:00,,WbW,,#8061,874,124,7,,漁場,漁場,occupy,WbW,medium,visible_time,"連盟WbWがLV.7漁場 #8061(X:874,Y:124)を 占領"
IMG_0904.PNG,/Users/mba2025/Library/CloudStorage/GoogleDrive-ktzkstsh@gmail.com/.tmp/2584/拠点取得スクショ/IMG_0904.PNG,timeline_chat,2026/05/24 11:16:00,,WbW,,#8061,874,124,7,,漁場,漁場,occupy,WbW,low,previous_image_visible_time,"連盟WbWがLV.7漁場 #8061(X:874,Y:124)を 占領"
IMG_0904.PNG,/Users/mba2025/Library/CloudStorage/GoogleDrive-ktzkstsh@gmail.com/.tmp/2584/拠点取得スクショ/IMG_0904.PNG,timeline_chat,2026/05/24 11:16:00,,RCON,,#480,199,399,2,,漁場,漁場,first_occupy,RCON,medium,visible_time,"連盟RCONがLV.2漁場 #480(X:199,Y:399)を 占領"
IMG_0904.PNG,/Users/mba2025/Library/CloudStorage/GoogleDrive-ktzkstsh@gmail.com/.tmp/2584/拠点取得スクショ/IMG_0904.PNG,timeline_chat,2026/05/24 11:16:00,,CDf8,,#480,699,299,3,,漁場,漁場,occupy,CDf8,medium,visible_time,"連盟CDf8がLV.3漁場 #480(X:699,Y:299)を 占領"
IMG_0904.PNG,/Users/mba2025/Library/CloudStorage/GoogleDrive-ktzkstsh@gmail.com/.tmp/2584/拠点取得スクショ/IMG_0904.PNG,timeline_chat,2026/05/24 11:16:00,,GcC,,#480,699,199,2,,漁場,漁場,occupy,GcC,medium,visible_time,"連盟GCCがLV.2漁場 #480(X:699,Y:199)を占 領"
IMG_0905.PNG,/Users/mba2025/Library/CloudStorage/GoogleDrive-ktzkstsh@gmail.com/.tmp/2584/拠点取得スクショ/IMG_0905.PNG,timeline_chat,2026/05/24 11:20:00,,GcC,,#480,699,199,2,,漁場,漁場,occupy,GcC,low,previous_image_visible_time,"連盟GCCがLV.2漁場 #480(X:699,Y:199)を占 領"
IMG_0905.PNG,/Users/mba2025/Library/CloudStorage/GoogleDrive-ktzkstsh@gmail.com/.tmp/2584/拠点取得スクショ/IMG_0905.PNG,timeline_chat,2026/05/24 11:20:00,,BgNa,,#8061,874,174,7,,漁場,漁場,occupy,BgNa,medium,visible_time,"連盟BgNaがLV.7漁場 #8061(X:874,Y:174) を占領"
IMG_0905.PNG,/Users/mba2025/Library/CloudStorage/GoogleDrive-ktzkstsh@gmail.com/.tmp/2584/拠点取得スクショ/IMG_0905.PNG,timeline_chat,2026/05/24 11:20:00,,WbW,,#480,599,299,3,,漁場,漁場,occupy,WbW,medium,visible_time,"連盟WbWがLV.3漁場 #480(X:599,Y:299)を 占領"
IMG_0906.PNG,/Users/mba2025/Library/CloudStorage/GoogleDrive-ktzkstsh@gmail.com/.tmp/2584/拠点取得スクショ/IMG_0906.PNG,timeline_chat,2026/05/24 11:25:00,,BgNa,,#8061,874,174,7,,漁場,漁場,occupy,BgNa,low,previous_image_visible_time,"連盟BgNaがLV.7漁場 #8061(X:874,Y:174) を占領"
IMG_0906.PNG,/Users/mba2025/Library/CloudStorage/GoogleDrive-ktzkstsh@gmail.com/.tmp/2584/拠点取得スクショ/IMG_0906.PNG,timeline_chat,2026/05/24 11:25:00,,WbW,,#480,599,299,3,,漁場,漁場,occupy,WbW,low,previous_image_visible_time,"連盟WbWがLV.3漁場 #480(X:599,Y:299)を 占領"
IMG_0906.PNG,/Users/mba2025/Library/CloudStorage/GoogleDrive-ktzkstsh@gmail.com/.tmp/2584/拠点取得スクショ/IMG_0906.PNG,timeline_chat,2026/05/24 11:25:00,,PmP,,#8061,874,224,7,,漁場,漁場,occupy,PmP,medium,visible_time,"連盟PmPがLV.7漁場 #8061(X:874,Y:224)を 占領"
IMG_0907.PNG,/Users/mba2025/Library/CloudStorage/GoogleDrive-ktzkstsh@gmail.com/.tmp/2584/拠点取得スクショ/IMG_0907.PNG,timeline_chat,2026/05/24 11:36:00,,CDf8,,#8061,924,224,6,,漁場,漁場,occupy,CDf8,low,previous_image_visible_time,"連盟CDf8がLV.6漁場 #8061(X:924,Y:224)を 占領"
IMG_0907.PNG,/Users/mba2025/Library/CloudStorage/GoogleDrive-ktzkstsh@gmail.com/.tmp/2584/拠点取得スクショ/IMG_0907.PNG,timeline_chat,2026/05/24 12:07:00,,TaW,,#8061,874,274,7,,漁場,漁場,occupy,TaW,medium,visible_time,"連盟TaWがLV.7漁場 #8061(X:874,Y:274)を 占領"
IMG_0908.PNG,/Users/mba2025/Library/CloudStorage/GoogleDrive-ktzkstsh@gmail.com/.tmp/2584/拠点取得スクショ/IMG_0908.PNG,timeline_chat,2026/05/24 12:15:00,,TaW,,#8061,874,274,7,,漁場,漁場,occupy,TaW,low,previous_image_visible_time,"連盟TaWがLV.7漁場 #8061(X:874,Y:274)を 占領"
IMG_0908.PNG,/Users/mba2025/Library/CloudStorage/GoogleDrive-ktzkstsh@gmail.com/.tmp/2584/拠点取得スクショ/IMG_0908.PNG,timeline_chat,2026/05/24 12:15:00,,PmP,,#8061,924,174,6,,漁場,漁場,occupy,PmP,medium,visible_time,"連盟PmPがLV.6漁場 #8061(X:924,Y:174)を 占領"
IMG_0908.PNG,/Users/mba2025/Library/CloudStorage/GoogleDrive-ktzkstsh@gmail.com/.tmp/2584/拠点取得スクショ/IMG_0908.PNG,timeline_chat,2026/05/24 12:15:00,,DaNG,,#8061,574,124,7,,漁場,漁場,occupy,DaNG,medium,visible_time,"連盟DaNGがLV.7漁場 #8061(X:574,Y:124) を占領"
IMG_0908.PNG,/Users/mba2025/Library/CloudStorage/GoogleDrive-ktzkstsh@gmail.com/.tmp/2584/拠点取得スクショ/IMG_0908.PNG,timeline_chat,2026/05/24 12:52:00,,AAOA,,#8061,974,224,5,,漁場,漁場,occupy,AAOA,medium,visible_time,"連盟AAOAがLV.5漁場 #8061(X:974,Y:224) を占領"
